published_date,open,high,low,close,per_change,traded_quantity,traded_amount,status,DT_Row_Index
2025-03-05,352.20,355.40,349.30,353.00,-0.54,24914.00,8767265.10,-1,1
2025-03-04,356.30,364.00,353.00,354.90,-2.37,57749.00,20670703.20,-1,2
2025-03-03,365.90,370.90,360.00,363.50,-2.63,55804.00,20301091.40,-1,3
2025-03-02,348.90,377.00,348.90,373.30,4.86,50801.00,18324283.90,1,4
2025-02-27,342.80,356.00,342.80,356.00,1.80,20210.00,7105458.20,1,5
2025-02-25,355.10,356.00,339.20,349.70,-0.09,65442.00,22513534.00,-1,6
2025-02-24,344.00,352.00,344.00,350.00,1.16,26563.00,9257090.50,1,7
2025-02-23,345.00,355.60,342.10,346.00,-0.03,33826.00,11677842.80,-1,8
2025-02-20,343.00,371.00,343.00,346.10,-1.11,24387.00,8476001.30,-1,9
2025-02-18,345.00,358.00,345.00,350.00,-0.57,23786.00,8372515.30,-1,10
2025-02-17,350.80,356.90,350.80,352.00,-0.56,21587.00,7625220.10,-1,11
2025-02-16,353.10,357.00,350.10,354.00,0.28,30700.00,10818428.00,1,12
2025-02-13,355.00,360.00,353.00,353.00,-1.67,17178.00,6106302.70,-1,13
2025-02-12,354.00,365.10,354.00,359.00,0.34,14260.00,5109694.50,1,14
2025-02-11,366.10,366.10,353.90,357.80,-0.33,21481.00,7669222.70,-1,15
2025-02-10,374.80,374.80,357.10,359.00,-2.31,20124.00,7269123.80,-1,16
2025-02-09,373.80,378.70,363.60,367.50,-1.21,32684.00,12002014.30,-1,17
2025-02-06,370.30,372.00,366.00,372.00,0.00,26758.00,9889389.70,0,18
2025-02-05,376.10,378.00,370.10,372.00,-0.51,41372.00,15448882.60,-1,19
2025-02-04,375.00,375.00,367.50,373.90,-0.29,26526.00,9801072.00,-1,20
2025-02-03,373.00,380.00,367.00,375.00,0.54,56043.00,20924331.80,1,21
2025-02-02,367.30,377.00,360.00,373.00,3.58,72992.00,27048588.40,1,22
2025-01-28,361.40,364.40,357.00,360.10,0.03,27400.00,9857939.60,1,23
2025-01-27,355.00,363.00,355.00,360.00,0.31,37069.00,13322408.40,1,24
2025-01-26,360.00,360.00,353.10,358.90,0.25,30752.00,10972327.20,1,25
2025-01-23,360.00,362.80,356.00,358.00,-0.53,22323.00,8003017.70,-1,26
2025-01-22,355.00,364.00,354.00,359.90,1.32,14993.00,5417714.10,1,27
2025-01-21,357.20,366.80,355.20,355.20,-1.39,28354.00,10215901.20,-1,28
2025-01-20,352.80,365.00,352.80,360.20,0.06,38784.00,14007240.70,1,29
2025-01-19,353.00,366.10,351.90,360.00,0.28,13700.00,4909835.70,1,30
2025-01-16,354.00,359.00,351.90,359.00,0.00,16074.00,5695724.00,0,31
2025-01-15,350.10,363.00,350.00,359.00,0.87,28267.00,10135369.40,1,32
2025-01-13,352.00,358.90,348.00,355.90,0.25,12101.00,4244343.90,1,33
2025-01-12,354.00,358.00,353.40,355.00,-1.39,8072.00,2862907.00,-1,34
2025-01-09,359.60,366.00,354.00,360.00,-1.83,15811.00,5700474.90,-1,35
2025-01-08,355.10,367.00,355.10,366.70,1.89,37303.00,13550722.50,1,36
2025-01-07,357.00,365.00,356.00,359.90,0.84,36999.00,13362640.50,1,37
2025-01-06,345.00,356.90,345.00,356.90,2.29,16129.00,5711847.00,1,38
2025-01-05,342.10,359.00,340.60,348.90,1.42,14438.00,5009321.30,1,39
2025-01-02,342.00,345.00,341.00,344.00,0.15,7244.00,2485339.50,1,40
2025-01-01,341.00,345.00,341.00,343.50,-0.15,6148.00,2114128.00,-1,41
2024-12-31,342.00,344.00,335.10,344.00,0.29,18848.00,6367173.80,1,42
2024-12-29,350.00,351.00,342.00,343.00,-2.83,13884.00,4801243.00,-1,43
2024-12-26,348.00,353.00,348.00,353.00,-0.56,21560.00,7540255.50,-1,44
2024-12-24,352.00,358.70,349.40,355.00,0.82,16288.00,5742294.50,1,45
2024-12-23,343.60,357.00,343.60,352.10,0.43,14559.00,5122632.30,1,46
2024-12-22,355.00,358.00,348.00,350.60,-1.30,21012.00,7383044.10,-1,47
2024-12-19,369.90,369.90,353.30,355.20,-2.39,16486.00,5877735.50,-1,48
2024-12-18,373.80,374.00,359.00,363.90,-1.65,19566.00,7090352.90,-1,49
2024-12-17,359.00,385.00,354.10,370.00,4.52,90443.00,33263229.30,1,50
2024-12-16,375.00,375.00,354.00,354.00,-3.80,14402.00,5148032.30,-1,51
2024-12-12,372.00,374.00,366.00,368.00,-1.08,28245.00,10402358.90,-1,52
2024-12-11,363.00,372.00,363.00,372.00,0.49,13038.00,4787637.50,1,53
2024-12-10,360.10,378.90,360.10,370.20,1.68,19587.00,7173453.00,1,54
2024-12-09,365.30,372.00,364.00,364.10,-1.91,24789.00,9105102.90,-1,55
2024-12-08,372.00,377.90,363.10,371.20,-1.67,51066.00,18896390.00,-1,56
2024-12-05,369.60,380.30,369.60,377.50,0.13,53276.00,19980711.40,1,57
2024-12-04,380.00,387.60,374.50,377.00,0.67,89375.00,34137345.50,1,58
2024-12-03,378.00,380.00,370.10,374.50,0.89,40399.00,15119331.00,1,59
2024-12-02,368.10,382.90,368.10,371.20,-1.01,34633.00,13083970.80,-1,60
2024-12-01,371.00,380.00,365.10,375.00,-0.27,60815.00,22646279.00,-1,61
2024-11-28,385.00,392.90,376.00,376.00,-3.59,72833.00,27920867.60,-1,62
2024-11-27,384.50,393.70,372.60,390.00,3.42,181671.00,70620371.80,1,63
2024-11-26,377.40,384.00,370.10,377.10,1.92,48332.00,18160256.40,1,64
2024-11-25,383.50,383.50,367.00,370.00,-1.60,51054.00,19025691.60,-1,65
2024-11-24,370.20,385.60,370.20,376.00,3.58,206066.00,78099738.90,1,66
2024-11-21,360.00,370.00,355.10,363.00,1.97,81818.00,29622912.90,1,67
2024-11-20,358.00,360.00,352.90,356.00,0.00,27079.00,9650233.50,0,68
2024-11-19,370.00,374.00,354.10,356.00,-3.65,49287.00,17809144.00,-1,69
2024-11-17,370.50,377.90,369.00,369.50,-0.14,51819.00,19351892.70,-1,70
2024-11-14,364.00,375.50,354.00,370.00,3.06,107097.00,39655974.90,1,71
2024-11-13,356.10,365.00,356.10,359.00,-0.55,24701.00,8863093.80,-1,72
2024-11-12,364.10,370.00,360.20,361.00,-2.04,42071.00,15335066.20,-1,73
2024-11-11,373.00,378.00,364.00,368.50,-0.97,67333.00,24859629.80,-1,74
2024-11-10,365.00,372.30,358.70,372.10,3.68,103264.00,37884607.90,1,75
2024-11-06,369.00,369.00,356.00,358.90,-1.16,39753.00,14374673.60,-1,76
2024-11-05,344.00,370.00,344.00,363.10,7.39,137850.00,49840214.20,1,77
2024-10-30,338.20,341.00,336.30,338.10,0.33,19568.00,6623211.30,1,78
2024-10-29,328.00,345.00,328.00,337.00,1.20,29033.00,9879750.90,1,79
2024-10-28,325.30,335.00,325.20,333.00,2.12,13233.00,4381879.00,1,80
2024-10-27,324.20,329.00,324.10,326.10,-1.33,5828.00,1900087.90,-1,81
2024-10-24,321.00,336.00,321.00,330.50,1.38,18365.00,6079341.10,1,82
2024-10-23,328.00,335.50,324.00,326.00,-1.12,16045.00,5269602.00,-1,83
2024-10-22,324.00,333.00,324.00,329.70,0.76,10268.00,3369722.80,1,84
2024-10-21,324.00,337.50,323.00,327.20,-0.70,13279.00,4362324.50,-1,85
2024-10-20,335.20,339.00,329.20,329.50,-3.09,28148.00,9394153.50,-1,86
2024-10-17,353.00,353.00,337.50,340.00,-2.27,20438.00,6998597.50,-1,87
2024-10-16,335.00,349.00,331.00,347.90,3.85,26758.00,9179265.50,1,88
2024-10-15,334.00,342.00,329.00,335.00,1.82,2328.00,777199.00,1,89
2024-10-09,334.00,335.00,322.30,329.00,0.30,6079.00,2010509.00,1,90
2024-10-08,328.20,337.00,328.00,328.00,-1.91,8775.00,2901397.00,-1,91
2024-10-07,337.00,338.50,326.10,334.40,0.72,18859.00,6313744.90,1,92
2024-10-06,318.00,332.00,318.00,332.00,3.39,15755.00,5162407.80,1,93
2024-10-02,329.00,332.90,321.00,321.10,-4.15,20893.00,6790298.70,-1,94
2024-10-01,307.70,335.00,307.70,335.00,6.72,25146.00,8191917.10,1,95
2024-09-30,303.00,319.00,302.00,313.90,3.60,17719.00,5475697.90,1,96
2024-09-29,306.90,310.00,303.00,303.00,-3.19,12535.00,3847997.00,-1,97
2024-09-26,322.00,322.00,311.30,313.00,-2.19,16741.00,5304430.80,-1,98
2024-09-25,314.00,325.00,303.00,320.00,3.66,16707.00,5233040.90,1,99
2024-09-24,310.50,320.00,307.50,308.70,-1.84,22241.00,6932339.60,-1,100
2024-09-23,322.10,325.00,313.30,314.50,-2.93,19986.00,6350793.70,-1,101
2024-09-22,322.10,330.00,321.00,324.00,0.59,14877.00,4822210.80,1,102
2024-09-18,333.00,333.00,321.50,322.10,-1.50,18986.00,6177650.60,-1,103
2024-09-16,335.00,335.00,322.10,327.00,-2.39,31042.00,10199513.00,-1,104
2024-09-15,340.60,347.00,330.10,335.00,-1.64,31110.00,10575737.60,-1,105
2024-09-12,327.00,349.50,327.00,340.60,2.62,47539.00,15993038.00,1,106
2024-09-11,335.20,340.00,328.00,331.90,-2.07,35162.00,11675662.80,-1,107
2024-09-10,337.00,349.60,333.10,338.90,0.83,24612.00,8351565.60,1,108
2024-09-09,345.00,346.50,336.00,336.10,-3.28,42614.00,14547082.40,-1,109
2024-09-08,353.20,354.00,342.30,347.50,0.35,27271.00,9511069.00,1,110
2024-09-05,351.00,359.00,344.00,346.30,-3.27,37772.00,13179981.50,-1,111
2024-09-04,365.00,365.00,349.00,358.00,-2.98,61301.00,21782749.30,-1,112
2024-09-03,369.00,370.00,353.00,369.00,1.65,51529.00,18624994.50,1,113
2024-09-02,342.00,367.00,342.00,363.00,4.31,77857.00,27771696.10,1,114
2024-09-01,340.00,355.00,340.00,348.00,0.58,45406.00,15845025.90,1,115
2024-08-29,352.00,358.00,342.10,346.00,-1.56,66647.00,23210905.30,-1,116
2024-08-28,350.90,368.00,350.40,351.50,-1.82,48474.00,17384723.30,-1,117
2024-08-27,362.30,368.90,355.00,358.00,-2.98,84324.00,30296626.40,-1,118
2024-08-25,394.00,394.00,367.00,369.00,-4.90,69648.00,26196950.90,-1,119
2024-08-22,381.00,397.80,375.00,388.00,3.47,113437.00,43546168.10,1,120
2024-08-21,387.00,395.00,375.00,375.00,-3.10,118808.00,45329081.10,-1,121
2024-08-18,403.00,405.00,383.00,387.00,-3.97,129289.00,50746879.30,-1,122
2024-08-15,410.00,416.00,403.00,403.00,-1.13,202220.00,82791039.80,-1,123
2024-08-14,423.30,423.30,399.90,407.60,-1.78,146914.00,59439385.90,-1,124
2024-08-13,416.50,442.00,403.00,415.00,-2.35,272046.00,111626993.90,-1,125
2024-08-12,400.00,428.40,396.00,425.00,5.72,445684.00,182859872.00,1,126
2024-08-11,404.00,420.00,396.10,402.00,-0.50,211127.00,85513675.60,-1,127
2024-08-08,380.00,408.00,370.20,404.00,8.02,484939.00,189799785.70,1,128
2024-08-07,351.00,379.00,351.00,374.00,4.47,97842.00,35890694.90,1,129
2024-08-06,382.50,382.50,350.10,358.00,-4.53,162458.00,58851208.50,-1,130
2024-08-05,382.00,382.00,351.90,375.00,0.00,186426.00,67805991.40,0,131
2024-08-01,390.00,393.00,366.00,375.00,-3.33,186862.00,69961306.00,-1,132
2024-07-31,374.70,404.10,374.70,387.90,5.58,254112.00,100369787.00,1,133
2024-07-30,339.00,367.40,335.00,367.40,10.00,358546.00,130016525.30,1,134
2024-07-29,325.00,346.80,322.00,334.00,2.45,166780.00,56319872.50,1,135
2024-07-28,329.90,329.90,320.00,326.00,0.77,41229.00,13394046.40,1,136
2024-07-25,328.10,330.00,321.00,323.50,-1.37,74219.00,24132166.40,-1,137
2024-07-24,333.30,345.00,327.50,328.00,-3.24,104282.00,34987741.60,-1,138
2024-07-23,322.00,344.60,317.00,339.00,5.28,171223.00,57257589.30,1,139
2024-07-22,315.10,330.00,306.60,322.00,2.19,110670.00,35117736.80,1,140
2024-07-21,293.10,319.90,293.10,315.10,5.38,99674.00,31029532.40,1,141
2024-07-18,308.00,309.00,295.00,299.00,-2.32,81297.00,24501427.60,-1,142
2024-07-17,299.40,308.00,292.40,306.10,2.27,70213.00,21135538.10,1,143
2024-07-16,286.00,301.10,281.00,299.30,5.50,74133.00,21950627.00,1,144
2024-07-15,276.00,287.40,270.10,283.70,3.01,42409.00,11826769.20,1,145
2024-07-14,269.70,285.00,268.20,275.40,4.12,22833.00,6206928.00,1,146
2024-07-11,266.20,272.50,260.00,264.50,0.95,21826.00,5728896.20,1,147
2024-07-10,261.10,263.00,260.00,262.00,0.38,10882.00,2842304.50,1,148
2024-07-09,260.30,264.00,259.40,261.00,-1.14,11745.00,3060710.00,-1,149
2024-07-08,268.00,268.00,260.20,264.00,0.15,3708.00,969432.00,1,150
2024-07-07,260.50,266.00,260.50,263.60,-0.08,9630.00,2537457.00,-1,151
2024-07-04,267.00,267.00,257.00,263.80,0.69,12933.00,3367198.00,1,152
2024-07-03,257.20,262.00,257.20,262.00,0.00,4175.00,1085922.50,0,153
2024-07-02,262.50,277.10,259.00,262.00,1.79,8775.00,2301027.00,1,154
2024-07-01,257.30,265.00,257.30,257.40,-1.00,3270.00,849910.00,-1,155
2024-06-30,257.00,261.00,256.00,260.00,1.17,3169.00,813230.80,1,156
2024-06-27,260.00,264.00,257.00,257.00,-1.15,8975.00,2323909.00,-1,157
2024-06-26,260.10,264.00,259.00,260.00,-1.14,8675.00,2255804.00,-1,158
2024-06-25,267.20,267.20,262.00,263.00,0.38,5301.00,1393936.20,1,159
2024-06-24,257.10,272.50,257.10,262.00,0.73,4620.00,1214039.60,1,160
2024-06-23,259.00,263.00,259.00,260.10,-0.73,7826.00,2039870.60,-1,161
2024-06-20,263.00,265.00,261.30,262.00,-0.30,3675.00,963446.00,-1,162
2024-06-19,262.20,265.00,262.20,262.80,-0.83,6786.00,1784471.20,-1,163
2024-06-18,263.00,270.00,263.00,265.00,-1.12,8117.00,2167516.00,-1,164
2024-06-16,267.00,271.00,266.40,268.00,-1.40,11626.00,3126870.00,-1,165
2024-06-13,263.60,274.00,263.60,271.80,1.08,7586.00,2031260.90,1,166
2024-06-12,274.00,275.00,265.00,268.90,-0.41,7391.00,1975795.70,-1,167
2024-06-11,267.00,270.90,262.00,270.00,2.86,13415.00,3596115.00,1,168
2024-06-10,265.20,265.20,260.00,262.50,0.96,8935.00,2340503.00,1,169
2024-06-09,259.10,268.30,259.10,260.00,-1.18,17976.00,4703177.00,-1,170
2024-06-06,272.30,272.30,263.00,263.10,-1.46,9636.00,2546974.50,-1,171
2024-06-05,265.20,270.00,260.10,267.00,-0.11,17761.00,4678255.60,-1,172
2024-06-04,267.10,270.00,266.00,267.30,-1.00,2639.00,705031.50,-1,173
2024-06-03,266.30,271.90,266.30,270.00,0.07,4287.00,1148928.00,1,174
2024-06-02,271.00,272.00,265.10,269.80,1.24,7720.00,2067609.90,1,175
2024-05-30,268.00,272.90,266.50,266.50,-0.56,4700.00,1257407.00,-1,176
2024-05-29,281.50,281.50,268.00,268.00,-2.90,7876.00,2135226.90,-1,177
2024-05-27,270.00,280.00,270.00,276.00,0.36,3060.00,839488.00,1,178
2024-05-26,275.00,278.00,273.10,275.00,-0.76,4208.00,1159355.00,-1,179
2024-05-22,276.00,282.90,276.00,277.10,-0.32,8329.00,2326072.60,-1,180
2024-05-21,280.00,282.00,266.70,278.00,0.40,11955.00,3309157.40,1,181
2024-05-20,277.00,280.00,272.00,276.90,1.76,6463.00,1782870.30,1,182
2024-05-19,275.20,276.90,268.10,272.10,0.82,12618.00,3433235.00,1,183
2024-05-16,262.70,270.00,262.70,269.90,0.71,7991.00,2133378.30,1,184
2024-05-15,269.00,272.00,265.20,268.00,-0.37,5625.00,1506125.00,-1,185
2024-05-14,263.50,270.00,262.00,269.00,0.75,7914.00,2102510.10,1,186
2024-05-13,261.00,269.00,261.00,267.00,1.10,3145.00,834314.50,1,187
2024-05-12,264.50,273.00,260.00,264.10,-0.15,4994.00,1315959.10,-1,188
2024-05-09,260.20,270.00,260.20,264.50,-0.19,7060.00,1869515.00,-1,189
2024-05-08,260.00,270.00,260.00,265.00,0.76,2749.00,720606.00,1,190
2024-05-07,261.10,280.50,261.10,263.00,-1.13,3214.00,856164.00,-1,191
2024-05-06,261.10,271.00,261.10,266.00,0.11,2473.00,658054.50,1,192
2024-05-05,266.00,271.00,265.70,265.70,-1.96,3094.00,824902.20,-1,193
2024-05-02,273.00,273.00,264.70,271.00,0.37,3831.00,1026579.60,1,194
2024-04-30,265.30,275.00,264.00,270.00,0.37,22597.00,6041892.00,1,195
2024-04-29,267.00,281.80,267.00,269.00,-0.70,2075.00,560112.00,-1,196
2024-04-28,267.00,273.00,267.00,270.90,-0.55,4840.00,1307174.00,-1,197
2024-04-25,269.00,274.00,268.90,272.40,-0.58,3030.00,820826.00,-1,198
2024-04-24,269.20,274.00,269.10,274.00,-0.18,2186.00,590451.00,-1,199
2024-04-22,280.00,284.00,271.00,274.50,-3.68,6205.00,1692418.10,-1,200
2024-04-21,264.00,285.00,263.00,285.00,5.87,5238.00,1433401.60,1,201
2024-04-18,269.40,271.00,268.70,269.20,-1.79,4605.00,1240314.50,-1,202
2024-04-16,274.50,278.00,272.30,274.10,-2.04,6075.00,1666690.00,-1,203
2024-04-15,277.00,280.00,273.00,279.80,-0.71,7065.00,1952078.60,-1,204
2024-04-14,272.00,283.00,272.00,281.80,1.70,10644.00,2968217.80,1,205
2024-04-10,282.00,282.00,276.40,277.10,-0.07,5527.00,1531779.60,-1,206
2024-04-09,275.00,281.00,275.00,277.30,-0.61,6600.00,1832739.50,-1,207
2024-04-07,283.50,289.00,273.00,279.00,0.36,9634.00,2649197.50,1,208
2024-04-04,273.40,278.00,273.40,278.00,0.11,6620.00,1826495.00,1,209
2024-04-03,275.10,280.00,275.10,277.70,0.25,3558.00,983905.00,1,210
2024-04-02,276.10,279.90,275.20,277.00,-0.40,6289.00,1741272.00,-1,211
2024-04-01,277.00,281.00,276.70,278.10,-1.03,4165.00,1158779.00,-1,212
2024-03-31,283.10,284.10,281.00,281.00,-1.71,3550.00,1000101.00,-1,213
2024-03-28,281.00,286.40,278.10,285.90,-0.07,4070.00,1150047.00,-1,214
2024-03-27,283.70,293.00,274.00,286.10,-1.14,2975.00,841845.00,-1,215
2024-03-26,274.00,295.30,274.00,289.40,4.10,5296.00,1477916.00,1,216
2024-03-25,276.60,280.00,276.50,278.00,-1.42,2985.00,831214.50,-1,217
2024-03-21,280.00,282.00,276.40,282.00,0.00,13420.00,3745966.00,0,218
2024-03-20,278.40,295.00,278.40,282.00,-0.70,12863.00,3619556.20,-1,219
2024-03-19,284.60,287.00,283.00,284.00,-0.11,5494.00,1566640.00,-1,220
2024-03-18,283.20,288.00,283.20,284.30,-1.28,7714.00,2194196.40,-1,221
2024-03-17,285.00,290.00,284.20,288.00,0.35,6933.00,1985224.00,1,222
2024-03-14,286.00,300.00,286.00,287.00,-1.37,9967.00,2879088.20,-1,223
2024-03-13,292.00,295.00,288.00,291.00,-0.72,6493.00,1892533.80,-1,224
2024-03-12,289.60,295.00,285.00,293.10,3.20,11212.00,3255544.60,1,225
2024-03-10,290.00,298.00,284.00,284.00,-1.39,11581.00,3351419.50,-1,226
2024-03-07,284.90,296.00,282.10,288.00,2.86,18902.00,5480664.60,1,227
2024-03-06,274.00,287.90,274.00,280.00,0.68,7564.00,2136352.00,1,228
2024-03-05,287.50,293.00,278.00,278.10,-1.35,19898.00,5641450.00,-1,229
2024-03-04,271.00,281.90,271.00,281.90,3.64,60.00,16423.00,1,230
2024-03-03,269.50,275.00,269.50,272.00,0.07,8353.00,2264710.20,1,231
2024-02-29,279.00,279.00,271.50,271.80,-2.93,16202.00,4444223.50,-1,232
2024-02-28,277.20,285.00,275.70,280.00,-0.18,12056.00,3365194.50,-1,233
2024-02-27,274.30,285.20,274.30,280.50,2.26,6254.00,1737511.00,1,234
2024-02-26,270.30,285.00,270.30,274.30,-0.25,8741.00,2419610.50,-1,235
2024-02-25,275.00,282.00,275.00,275.00,-1.79,11819.00,3267793.50,-1,236
2024-02-22,285.00,288.00,280.00,280.00,-2.06,14699.00,4158904.00,-1,237
2024-02-21,290.20,295.00,285.70,285.90,-1.92,14973.00,4330004.20,-1,238
2024-02-20,290.10,297.00,290.10,291.50,-0.34,13957.00,4075875.60,-1,239
2024-02-18,295.60,303.40,292.00,292.50,-1.68,13053.00,3856190.50,-1,240
2024-02-15,296.80,304.00,296.80,297.50,-0.63,21551.00,6479602.70,-1,241
2024-02-14,296.10,304.00,296.10,299.40,-0.86,6586.00,1974424.20,-1,242
2024-02-13,305.00,306.00,298.00,302.00,0.33,34827.00,10507280.60,1,243
2024-02-12,295.00,302.50,294.10,301.00,1.01,10142.00,3033676.50,1,244
2024-02-11,297.00,302.00,297.00,298.00,0.68,10803.00,3229124.00,1,245
2024-02-08,291.00,296.00,291.00,296.00,0.34,9696.00,2845252.50,1,246
2024-02-07,295.00,300.00,289.20,295.00,0.00,3643.00,1073061.00,0,247
2024-02-06,286.00,295.00,286.00,295.00,1.72,6320.00,1833867.40,1,248
2024-02-05,289.00,293.00,286.30,290.00,0.03,9667.00,2793552.00,1,249
2024-02-04,287.00,296.00,286.00,289.90,-0.21,15129.00,4368506.90,-1,250
2024-02-01,300.00,305.00,290.40,290.50,-3.87,41751.00,12342194.50,-1,251
2024-01-31,305.00,311.90,302.20,302.20,-1.31,14570.00,4445563.30,-1,252
2024-01-30,300.70,311.00,300.70,306.20,0.39,15720.00,4838125.90,1,253
2024-01-29,300.00,311.00,300.00,305.00,0.00,9787.00,2973380.70,0,254
2024-01-28,294.20,316.00,294.20,305.00,1.67,9448.00,2846519.00,1,255
2024-01-25,299.00,324.60,294.00,300.00,0.33,22398.00,6675814.80,1,256
2024-01-24,302.00,313.00,298.00,299.00,-0.66,13711.00,4144373.10,-1,257
2024-01-23,310.20,310.20,301.00,301.00,-1.05,22005.00,6699106.00,-1,258
2024-01-22,308.00,312.00,303.80,304.20,-1.59,20907.00,6430036.00,-1,259
2024-01-21,311.00,318.20,305.80,309.10,-0.93,41173.00,12913031.50,-1,260
2024-01-18,304.10,314.00,303.90,312.00,0.65,36808.00,11398655.80,1,261
2024-01-17,325.00,325.00,308.00,310.00,-2.82,59585.00,18797496.20,-1,262
2024-01-16,330.00,330.00,317.00,319.00,-1.54,68229.00,22103979.10,-1,263
2024-01-14,310.00,328.40,304.70,324.00,6.37,107415.00,34240872.00,1,264
2024-01-11,300.00,312.00,297.50,304.60,-0.46,25139.00,7602856.20,-1,265
2024-01-10,314.90,314.90,300.00,306.00,-0.97,17506.00,5285018.10,-1,266
2024-01-09,307.00,318.00,305.50,309.00,-0.48,60500.00,18788149.40,-1,267
2024-01-08,299.00,314.00,298.00,310.50,2.48,47157.00,14503677.10,1,268
2024-01-07,294.00,321.30,293.00,303.00,3.41,71198.00,21854470.50,1,269
2024-01-04,280.50,298.00,280.00,293.00,5.06,63990.00,18594049.30,1,270
2024-01-03,268.10,280.00,268.10,278.90,2.54,12343.00,3418048.30,1,271
2024-01-02,275.00,281.00,270.60,272.00,-2.89,9299.00,2562598.20,-1,272
2024-01-01,285.00,302.60,280.10,280.10,-2.40,15239.00,4400130.00,-1,273
2023-12-28,285.00,291.90,284.70,287.00,-1.03,12902.00,3737807.00,-1,274
2023-12-27,292.00,300.00,287.30,290.00,-2.03,34849.00,10245553.50,-1,275
2023-12-24,310.70,310.70,296.00,296.00,-6.62,53803.00,16209896.90,-1,276
2023-12-21,293.90,317.00,288.00,317.00,7.82,29923.00,8754306.20,1,277
2023-12-20,281.00,309.10,281.00,294.00,4.63,45883.00,13478069.40,1,278
2023-12-19,284.00,285.50,278.00,281.00,0.61,13940.00,3924031.20,1,279
2023-12-18,282.50,292.70,273.00,279.30,-1.13,27763.00,7856026.00,-1,280
2023-12-17,264.00,285.00,264.00,282.50,5.02,27508.00,7661298.00,1,281
2023-12-14,264.60,275.00,262.00,269.00,-0.37,6700.00,1810026.50,-1,282
2023-12-13,266.10,280.00,266.10,270.00,-0.37,11741.00,3198641.20,-1,283
2023-12-12,256.10,275.00,256.10,271.00,3.95,9449.00,2529517.00,1,284
2023-12-11,250.10,266.00,250.10,260.70,2.16,16801.00,4368230.80,1,285
2023-12-10,250.20,255.20,250.20,255.20,3.32,60.00,15112.00,1,286
2023-12-07,242.00,247.40,242.00,247.00,1.48,3612.00,885005.00,1,287
2023-12-06,245.00,248.00,242.00,243.40,-0.49,4544.00,1111441.40,-1,288
2023-12-05,245.00,247.00,244.60,244.60,-1.73,1860.00,456526.00,-1,289
2023-12-04,242.00,251.00,242.00,248.90,0.97,2884.00,715089.00,1,290
2023-12-03,247.00,253.00,244.00,246.50,-0.76,1984.00,490101.40,-1,291
2023-11-30,249.00,255.90,245.00,248.40,0.36,14759.00,3733686.60,1,292
2023-11-29,246.20,255.00,246.20,247.50,-1.39,3488.00,878127.00,-1,293
2023-11-28,245.30,254.90,245.20,251.00,0.72,5132.00,1292071.20,1,294
2023-11-27,245.10,253.90,245.10,249.20,-0.32,5135.00,1285244.20,-1,295
2023-11-26,239.30,251.00,239.20,250.00,2.46,6386.00,1581339.20,1,296
2023-11-23,241.00,249.90,236.20,244.00,-0.41,8356.00,2017113.20,-1,297
2023-11-22,233.50,245.00,233.50,245.00,2.94,3291.00,795587.60,1,298
2023-11-21,232.10,240.80,232.10,238.00,0.80,3030.00,710175.00,1,299
2023-11-20,238.00,242.00,233.60,236.10,-0.80,1879.00,448199.00,-1,300
2023-11-09,240.00,242.10,237.00,238.00,0.42,5000.00,1195122.50,1,301
2023-11-08,234.10,249.00,234.10,237.00,0.00,2475.00,588039.40,0,302
2023-11-07,234.20,246.80,234.20,237.00,-0.42,2690.00,634234.00,-1,303
2023-11-06,233.50,242.00,233.50,238.00,0.04,7037.00,1690872.90,1,304
2023-11-05,236.00,240.80,235.00,237.90,-0.59,3210.00,758098.00,-1,305
2023-11-02,236.00,244.00,236.00,239.30,-0.37,1930.00,463154.00,-1,306
2023-11-01,247.90,250.00,240.10,240.20,-1.19,5276.00,1289084.00,-1,307
2023-10-31,239.10,249.60,239.10,243.10,-0.04,2800.00,680692.50,-1,308
2023-10-30,241.20,250.00,241.20,243.20,-0.82,7040.00,1717128.40,-1,309
2023-10-29,247.00,250.00,242.10,245.20,-2.31,2210.00,539808.00,-1,310
2023-10-19,254.00,254.00,247.00,251.00,0.76,2682.00,669121.00,1,311
2023-10-18,243.00,255.00,240.10,249.10,2.51,2332.00,583143.20,1,312
2023-10-17,249.90,249.90,241.00,243.00,-0.82,7492.00,1837520.40,-1,313
2023-10-16,255.00,255.00,245.00,245.00,-2.00,6231.00,1534336.90,-1,314
2023-10-12,249.10,253.00,248.00,250.00,-1.57,8290.00,2066377.00,-1,315
2023-10-11,252.00,256.00,251.00,254.00,1.20,2334.00,592736.00,1,316
2023-10-10,251.00,252.00,250.10,251.00,-1.57,3445.00,864456.50,-1,317
2023-10-09,252.20,262.00,250.00,255.00,-0.78,10560.00,2657884.00,-1,318
2023-10-08,268.00,270.00,256.10,257.00,-2.69,10135.00,2670856.00,-1,319
2023-10-05,261.00,278.20,261.00,264.10,-0.34,6315.00,1691479.00,-1,320
2023-10-04,270.00,270.00,264.80,265.00,-0.38,14550.00,3861190.00,-1,321
2023-10-03,268.00,273.50,266.00,266.00,-1.66,2907.00,782126.70,-1,322
2023-10-02,265.00,275.00,261.00,270.50,1.31,4691.00,1258913.50,1,323
2023-10-01,270.10,272.00,267.00,267.00,-2.59,5420.00,1460613.00,-1,324
2023-09-27,278.10,282.00,272.70,274.10,-2.97,8170.00,2244034.50,-1,325
2023-09-26,276.00,285.00,276.00,282.50,2.43,10844.00,3052426.60,1,326
2023-09-25,278.90,278.90,268.00,275.80,0.84,4261.00,1166463.40,1,327
2023-09-24,285.00,285.00,270.10,273.50,-3.36,10482.00,2907467.50,-1,328
2023-09-21,268.00,283.90,265.20,283.00,7.60,18279.00,5074430.20,1,329
2023-09-19,251.00,263.00,251.00,263.00,3.14,8247.00,2131007.50,1,330
2023-09-18,255.00,255.00,250.50,255.00,1.63,2920.00,736400.00,1,331
2023-09-17,256.00,257.80,250.90,250.90,-1.65,6996.00,1783505.00,-1,332
2023-09-13,248.00,265.00,248.00,255.10,2.45,2610.00,669332.00,1,333
2023-09-12,258.00,263.10,249.00,249.00,-1.58,2557.00,647589.00,-1,334
2023-09-11,248.10,254.00,248.10,253.00,1.85,7820.00,1971452.10,1,335
2023-09-10,255.00,255.00,248.10,248.40,-0.64,5458.00,1366581.20,-1,336
2023-09-07,258.10,259.00,249.00,250.00,-4.94,4819.00,1221765.60,-1,337
2023-09-05,250.00,271.70,246.00,263.00,6.48,2855.00,729909.00,1,338
2023-09-04,257.10,265.00,244.00,247.00,-3.93,14544.00,3632681.90,-1,339
2023-09-03,263.10,264.00,257.10,257.10,-3.71,9434.00,2455370.20,-1,340
2023-08-30,270.00,271.80,264.00,267.00,0.19,5668.00,1506359.00,1,341
2023-08-29,267.00,269.00,266.00,266.50,-0.74,2272.00,607771.00,-1,342
2023-08-28,265.00,275.00,265.00,268.50,-0.52,2247.00,603450.00,-1,343
2023-08-27,265.10,275.00,265.00,269.90,-0.04,3359.00,899063.30,-1,344
2023-08-24,280.00,280.00,270.00,270.00,-3.57,12209.00,3331994.50,-1,345
2023-08-23,271.80,280.50,271.80,280.00,2.49,2430.00,676317.00,1,346
2023-08-22,276.70,282.20,271.00,273.20,0.70,1825.00,499717.00,1,347
2023-08-21,278.00,280.00,271.10,271.30,-3.11,4558.00,1253365.70,-1,348
2023-08-20,280.00,280.00,271.20,280.00,0.00,3730.00,1029993.80,0,349
2023-08-17,281.50,286.80,278.00,280.00,1.45,3975.00,1115166.00,1,350
2023-08-16,277.60,288.60,273.10,276.00,-2.51,9147.00,2540516.80,-1,351
2023-08-15,283.00,286.90,280.20,283.10,0.00,3420.00,968121.00,0,352
2023-08-14,287.10,290.00,283.10,283.10,-3.08,6205.00,1783214.20,-1,353
2023-08-13,295.00,295.00,289.10,292.10,-2.60,11195.00,3257667.70,-1,354
2023-08-10,300.90,306.00,295.00,299.90,1.66,14975.00,4473512.00,1,355
2023-08-09,270.40,295.00,270.40,295.00,7.27,8444.00,2372731.00,1,356
2023-08-08,283.50,291.70,275.00,275.00,-1.08,6640.00,1836644.00,-1,357
2023-08-07,277.30,288.40,277.30,278.00,-1.73,5245.00,1464301.00,-1,358
2023-08-06,285.10,298.00,279.10,282.90,-1.53,7156.00,2013149.10,-1,359
2023-08-03,286.00,300.00,285.00,287.30,-0.59,10430.00,3031039.60,-1,360
2023-08-02,290.00,291.00,285.00,289.00,-0.41,5617.00,1614085.80,-1,361
2023-08-01,292.20,304.00,290.10,290.20,-2.29,7312.00,2144890.00,-1,362
2023-07-31,290.00,304.90,288.20,297.00,1.02,4615.00,1360601.50,1,363
2023-07-30,295.20,295.30,290.00,294.00,-1.34,8619.00,2528730.20,-1,364
2023-07-27,306.00,306.00,297.30,298.00,-0.67,8084.00,2411679.20,-1,365
2023-07-26,299.00,305.00,299.00,300.00,-1.61,4852.00,1458439.00,-1,366
2023-07-25,297.20,306.00,297.20,304.90,1.50,16290.00,4912430.70,1,367
2023-07-24,304.00,309.00,300.00,300.40,-1.51,17333.00,5273184.00,-1,368
2023-07-23,295.00,308.90,295.00,305.00,1.67,11578.00,3516024.10,1,369
2023-07-20,295.10,305.00,295.10,300.00,0.00,8651.00,2599542.50,0,370
2023-07-19,294.30,306.00,294.30,300.00,0.00,9555.00,2868716.00,0,371
2023-07-18,304.00,310.00,298.00,300.00,-0.33,19680.00,5905398.50,-1,372
2023-07-17,296.00,320.00,293.00,301.00,1.38,12284.00,3714839.40,1,373
2023-07-16,297.00,302.00,294.20,296.90,-0.37,8621.00,2557728.50,-1,374
2023-07-13,302.20,310.00,297.00,298.00,-1.36,23675.00,7130745.50,-1,375
2023-07-12,297.50,310.00,293.20,302.10,3.11,28591.00,8663730.80,1,376
2023-07-11,299.00,301.00,290.00,293.00,-2.69,25911.00,7634718.80,-1,377
2023-07-10,307.00,310.00,301.00,301.10,-2.87,20849.00,6325043.50,-1,378
2023-07-09,307.00,312.00,303.30,310.00,0.98,11994.00,3685576.20,1,379
2023-07-06,296.00,308.00,296.00,307.00,1.99,18782.00,5691836.10,1,380
2023-07-05,307.10,308.00,298.00,301.00,-2.11,20315.00,6154190.40,-1,381
2023-07-04,307.00,313.00,305.30,307.50,0.26,8972.00,2766082.30,1,382
2023-07-03,306.60,321.00,306.60,306.70,-1.70,36669.00,11412345.00,-1,383
2023-07-02,319.90,320.40,308.70,312.00,-3.11,34317.00,10786634.70,-1,384
2023-06-28,330.00,330.00,322.00,322.00,-2.42,22750.00,7425963.50,-1,385
2023-06-27,329.40,330.00,317.80,330.00,2.17,61819.00,20055048.50,1,386
2023-06-26,334.50,336.00,322.90,323.00,-1.52,52452.00,17165486.80,-1,387
2023-06-25,320.00,342.00,318.50,328.00,2.82,31014.00,10146568.00,1,388
2023-06-22,320.00,333.50,315.00,319.00,-1.54,48911.00,15698319.30,-1,389
2023-06-21,331.00,338.00,323.40,324.00,-2.38,44657.00,14734302.10,-1,390
2023-06-20,345.00,350.00,331.00,331.90,-3.80,40613.00,13727208.90,-1,391
2023-06-19,354.00,359.00,342.60,345.00,-2.16,53105.00,18485495.40,-1,392
2023-06-18,324.50,355.00,324.50,352.60,6.53,95267.00,32809390.10,1,393
2023-06-15,329.00,334.00,324.00,331.00,0.61,63075.00,20607963.00,1,394
2023-06-14,330.00,340.00,323.80,329.00,1.54,90447.00,29952826.50,1,395
2023-06-13,315.00,333.00,311.50,324.00,2.21,65670.00,21495493.30,1,396
2023-06-12,323.00,324.00,313.20,317.00,-0.47,25661.00,8131150.10,-1,397
2023-06-11,310.00,322.20,310.00,318.50,0.79,47428.00,15057102.40,1,398
2023-06-08,315.00,320.90,313.60,316.00,-1.25,39432.00,12514349.50,-1,399
2023-06-07,308.00,321.20,308.00,320.00,4.68,70365.00,22258330.90,1,400
2023-06-06,281.00,307.00,281.00,305.70,7.23,53750.00,16150868.20,1,401
2023-06-05,285.00,292.00,284.00,285.10,0.18,18950.00,5429771.30,1,402
2023-06-04,279.60,290.00,279.60,284.60,3.79,5076.00,1449160.70,1,403
2023-06-01,266.90,277.00,266.90,274.20,0.81,5245.00,1433037.50,1,404
2023-05-31,278.40,282.00,272.00,272.00,-4.23,20390.00,5614985.50,-1,405
2023-05-30,288.00,288.00,281.00,284.00,-1.29,13274.00,3769586.20,-1,406
2023-05-28,285.20,299.90,284.80,287.70,0.95,13298.00,3872925.10,1,407
2023-05-24,281.00,289.00,280.10,285.00,0.00,19868.00,5656060.30,0,408
2023-05-23,282.00,287.60,276.40,285.00,2.89,10543.00,2987990.00,1,409
2023-05-22,275.40,279.00,270.00,277.00,-1.42,3507.00,965863.70,-1,410
2023-05-21,282.80,287.00,272.20,281.00,1.33,6819.00,1887536.60,1,411
2023-05-18,270.00,281.00,266.00,277.30,2.21,10421.00,2893048.90,1,412
2023-05-17,270.00,273.90,261.00,271.30,2.38,6988.00,1881940.80,1,413
2023-05-16,258.40,268.20,258.40,265.00,0.76,5167.00,1372448.10,1,414
2023-05-15,260.00,263.00,258.10,263.00,0.00,4509.00,1170288.50,0,415
2023-05-14,268.30,268.30,262.00,263.00,-2.59,5745.00,1516142.00,-1,416
2023-05-11,264.10,271.00,264.10,270.00,0.37,3290.00,884721.60,1,417
2023-05-10,264.60,272.00,264.60,269.00,-0.37,12986.00,3472463.00,-1,418
2023-05-09,265.00,275.90,262.00,270.00,1.28,4108.00,1104695.40,1,419
2023-05-08,277.00,277.00,264.10,266.60,-1.99,13230.00,3534755.40,-1,420
2023-05-07,278.00,278.50,270.00,272.00,-1.45,9607.00,2624554.40,-1,421
2023-05-04,266.10,280.00,266.10,276.00,1.77,12879.00,3563047.10,1,422
2023-05-03,277.00,280.00,271.20,271.20,-3.83,14035.00,3859362.50,-1,423
2023-05-02,286.00,289.00,279.00,282.00,-1.40,11629.00,3270129.40,-1,424
2023-04-30,290.00,290.00,286.00,286.00,-1.72,9387.00,2694858.10,-1,425
2023-04-27,289.00,294.70,289.00,291.00,-1.19,10701.00,3113020.10,-1,426
2023-04-26,293.60,300.00,293.60,294.50,-1.51,4235.00,1252562.00,-1,427
2023-04-25,293.30,301.90,293.30,299.00,1.94,3200.00,948897.00,1,428
2023-04-24,288.00,295.00,288.00,293.30,0.27,3730.00,1088863.00,1,429
2023-04-23,294.60,300.50,291.10,292.50,-2.66,3192.00,937362.00,-1,430
2023-04-20,300.00,301.00,299.00,300.50,0.40,11800.00,3539637.50,1,431
2023-04-19,304.00,304.00,298.10,299.30,0.34,4950.00,1481029.00,1,432
2023-04-18,299.00,304.00,295.00,298.30,-0.47,4242.00,1263985.60,-1,433
2023-04-17,302.10,304.00,299.00,299.70,-2.69,4945.00,1488248.10,-1,434
2023-04-16,311.00,311.00,301.00,308.00,0.98,6785.00,2070774.40,1,435
2023-04-13,304.70,311.00,301.00,305.00,-1.90,9216.00,2819655.00,-1,436
2023-04-12,296.00,311.00,295.00,310.90,5.03,23080.00,7081003.80,1,437
2023-04-11,287.00,298.00,287.00,296.00,2.07,4945.00,1458340.00,1,438
2023-04-10,287.00,297.00,287.00,290.00,-0.68,9983.00,2905254.00,-1,439
2023-04-09,298.00,298.10,291.90,292.00,-2.67,12411.00,3642391.60,-1,440
2023-04-06,305.00,305.00,299.50,300.00,-0.76,9460.00,2846156.00,-1,441
2023-04-05,298.00,304.00,298.00,302.30,0.23,9063.00,2731667.30,1,442
2023-04-04,300.10,304.00,300.00,301.60,0.87,8622.00,2608246.00,1,443
2023-04-03,300.00,303.00,297.10,299.00,-0.83,9340.00,2805488.80,-1,444
2023-04-02,305.30,312.00,300.00,301.50,-1.79,15167.00,4615118.50,-1,445
2023-03-30,312.00,312.00,305.80,307.00,-0.65,4785.00,1473163.00,-1,446
2023-03-29,304.10,310.30,304.10,309.00,0.00,6935.00,2127875.50,0,447
2023-03-28,309.00,313.10,306.00,309.00,-0.03,22147.00,6864772.00,-1,448
2023-03-27,302.10,312.00,300.10,309.10,1.68,17840.00,5415123.20,1,449
2023-03-26,299.00,306.00,299.00,304.00,-0.33,14027.00,4259408.80,-1,450
2023-03-23,308.00,310.00,303.10,305.00,-2.52,15182.00,4651775.10,-1,451
2023-03-22,316.90,317.00,308.80,312.90,-0.03,23390.00,7314178.20,-1,452
2023-03-20,302.00,313.00,302.00,313.00,2.29,14004.00,4332719.50,1,453
2023-03-19,300.20,311.00,300.20,306.00,0.10,15772.00,4811581.50,1,454
2023-03-16,301.00,307.00,300.00,305.70,-0.10,32458.00,9800215.60,-1,455
2023-03-15,307.90,307.90,302.20,306.00,-2.55,9131.00,2782253.70,-1,456
2023-03-14,298.10,317.90,298.10,314.00,3.32,17160.00,5293732.50,1,457
2023-03-13,301.20,307.00,300.00,303.90,-1.01,11055.00,3338900.00,-1,458
2023-03-12,312.00,313.00,306.00,307.00,-2.51,8857.00,2742791.50,-1,459
2023-03-09,300.00,314.90,300.00,314.90,4.79,27638.00,8535756.60,1,460
2023-03-07,290.10,305.00,290.10,300.50,2.25,8971.00,2690436.40,1,461
2023-03-05,296.10,300.00,293.90,293.90,-1.94,10753.00,3175751.00,-1,462
2023-03-02,298.00,302.00,298.00,299.70,-0.76,11440.00,3431830.90,-1,463
2023-03-01,305.20,314.00,300.10,302.00,-2.58,13030.00,3963071.00,-1,464
2023-02-28,304.00,311.00,299.00,310.00,1.31,28941.00,8923076.70,1,465
2023-02-27,300.00,307.00,295.00,306.00,0.33,17651.00,5295374.60,1,466
2023-02-26,301.90,306.10,290.00,305.00,-0.97,18045.00,5415250.10,-1,467
2023-02-23,308.00,309.10,302.00,308.00,-1.88,20080.00,6100165.80,-1,468
2023-02-22,300.00,315.00,300.00,313.90,4.60,12985.00,4013683.50,1,469
2023-02-20,299.00,306.00,298.90,300.10,-1.61,20619.00,6208047.50,-1,470
2023-02-16,303.00,310.00,303.00,305.00,-0.65,21378.00,6540770.80,-1,471
2023-02-15,309.20,314.00,306.00,307.00,-1.48,19013.00,5884743.40,-1,472
2023-02-14,311.30,319.00,311.30,311.60,-1.08,16636.00,5202638.40,-1,473
2023-02-12,323.00,323.00,313.60,315.00,-4.26,33365.00,10586582.10,-1,474
2023-02-09,322.00,330.00,321.00,329.00,1.70,29351.00,9596084.80,1,475
2023-02-08,330.50,332.00,320.10,323.50,-0.19,62756.00,20466278.90,-1,476
2023-02-07,315.00,325.00,310.50,324.10,4.85,49912.00,15879753.00,1,477
2023-02-06,310.00,314.00,307.70,309.10,0.03,13743.00,4257847.20,1,478
2023-02-05,309.00,320.00,309.00,309.00,-1.59,23365.00,7327086.00,-1,479
2023-02-02,318.20,318.20,306.00,314.00,-1.16,35524.00,11061820.80,-1,480
2023-02-01,310.20,320.60,310.00,317.70,0.89,16337.00,5146111.10,1,481
2023-01-31,309.30,320.20,309.20,314.90,0.22,31984.00,10097325.40,1,482
2023-01-30,325.00,330.00,314.00,314.20,-5.08,56927.00,18236500.20,-1,483
2023-01-29,336.00,344.90,327.70,331.00,-3.22,50441.00,16895365.10,-1,484
2023-01-26,322.00,345.00,311.10,342.00,8.23,123170.00,40828296.40,1,485
2023-01-25,306.20,322.00,305.10,316.00,1.94,46580.00,14774661.20,1,486
2023-01-24,300.00,313.00,295.20,310.00,1.97,32493.00,9836301.60,1,487
2023-01-23,315.20,318.00,303.00,304.00,-1.65,46218.00,14238353.80,-1,488
2023-01-19,309.00,318.00,305.00,309.10,-0.93,27193.00,8452516.30,-1,489
2023-01-18,311.00,323.00,301.10,312.00,1.96,60156.00,18859674.30,1,490
2023-01-17,282.50,309.00,282.00,306.00,6.99,82812.00,24703418.50,1,491
2023-01-12,302.00,305.20,286.00,286.00,-3.70,27693.00,8096666.30,-1,492
2023-01-10,302.00,313.00,294.00,297.00,0.00,69464.00,20960903.10,0,493
2023-01-09,283.00,300.00,281.00,297.00,5.69,60901.00,17884740.60,1,494
2023-01-08,273.00,285.00,273.00,281.00,2.18,29924.00,8427987.60,1,495
2023-01-05,280.00,280.00,272.00,275.00,-1.04,19862.00,5482147.50,-1,496
2023-01-04,267.00,277.90,262.20,277.90,4.08,26364.00,7214013.30,1,497
2023-01-03,263.20,273.00,263.20,267.00,-0.37,13843.00,3725260.60,-1,498
2023-01-02,265.10,275.50,265.00,268.00,-0.78,30550.00,8243014.00,-1,499
2023-01-01,273.00,281.10,263.00,270.10,0.78,44159.00,12143963.70,1,500
2022-12-29,251.40,275.00,251.40,268.00,5.51,21672.00,5720847.20,1,501
2022-12-28,254.00,261.50,243.30,254.00,0.36,27154.00,6912051.90,1,502
2022-12-27,243.70,262.90,239.00,253.10,5.90,46623.00,11829904.30,1,503
2022-12-26,229.00,240.00,229.00,239.00,5.29,13167.00,3120375.40,1,504
2022-12-22,234.60,234.60,227.00,227.00,-1.30,7295.00,1665243.00,-1,505
2022-12-21,232.00,232.50,229.80,230.00,-0.99,3852.00,888791.50,-1,506
2022-12-20,231.00,240.00,226.40,232.30,2.33,8810.00,2046874.00,1,507
2022-12-19,222.20,230.00,222.20,227.00,0.40,6850.00,1563970.00,1,508
2022-12-18,229.90,229.90,224.10,226.10,-3.58,5058.00,1150502.30,-1,509
2022-12-15,238.00,240.00,229.10,234.50,-3.10,5158.00,1199022.50,-1,510
2022-12-14,232.30,245.00,225.40,242.00,2.11,24467.00,5807693.70,1,511
2022-12-13,220.00,237.00,218.00,237.00,7.73,5504.00,1221079.30,1,512
2022-12-12,215.60,221.00,215.60,220.00,1.38,5150.00,1130768.00,1,513
2022-12-11,220.00,222.00,217.00,217.00,-2.43,5685.00,1245779.80,-1,514
2022-12-07,221.00,224.00,221.00,222.40,-1.16,1490.00,331130.00,-1,515
2022-12-06,222.00,225.00,220.00,225.00,1.35,6353.00,1414777.50,1,516
2022-12-05,223.30,223.30,221.60,222.00,-2.55,2685.00,597975.00,-1,517
2022-12-04,221.10,227.90,221.10,227.80,1.06,4535.00,1017456.10,1,518
2022-12-01,221.10,225.40,221.10,225.40,0.54,1613.00,360863.90,1,519
2022-11-30,220.00,228.00,219.20,224.20,0.31,6300.00,1419530.50,1,520
2022-11-29,219.00,227.00,218.30,223.50,0.68,2447.00,543420.40,1,521
2022-11-28,225.00,225.30,221.70,222.00,-2.63,2440.00,547318.00,-1,522
2022-11-27,222.50,228.00,222.00,228.00,1.56,4352.00,985930.00,1,523
2022-11-24,222.80,224.50,222.50,224.50,-1.10,1520.00,339384.00,-1,524
2022-11-23,221.20,227.00,220.20,227.00,1.57,1700.00,381907.00,1,525
2022-11-22,228.00,230.00,223.50,223.50,-0.22,10033.00,2263847.80,-1,526
2022-11-17,224.40,227.90,222.30,224.00,1.82,10612.00,2385834.80,1,527
2022-11-16,213.00,225.00,213.00,220.00,2.90,4295.00,940641.50,1,528
2022-11-15,220.00,221.00,213.70,213.80,-1.47,7833.00,1692204.50,-1,529
2022-11-14,219.00,219.90,213.60,217.00,-0.91,5692.00,1230936.50,-1,530
2022-11-13,220.00,221.00,215.70,219.00,-0.50,4275.00,933011.50,-1,531
2022-11-10,225.00,228.00,219.50,220.10,-2.13,6104.00,1356955.00,-1,532
2022-11-09,223.00,227.00,222.60,224.90,-0.93,2098.00,469988.50,-1,533
2022-11-08,226.00,230.00,222.10,227.00,-1.30,4958.00,1119332.00,-1,534
2022-11-07,232.00,235.00,226.00,230.00,0.04,10210.00,2367064.00,1,535
2022-11-06,215.10,229.90,215.10,229.90,4.83,6299.00,1411296.90,1,536
2022-11-03,223.00,226.00,219.00,219.30,-3.18,6220.00,1373444.20,-1,537
2022-11-02,227.00,231.00,223.00,226.50,-0.22,7349.00,1653424.40,-1,538
2022-11-01,220.00,227.40,219.00,227.00,3.13,8072.00,1802440.50,1,539
2022-10-31,216.00,222.00,216.00,220.10,0.05,4054.00,890464.50,1,540
2022-10-23,214.00,226.20,213.40,220.00,1.15,2270.00,494965.00,1,541
2022-10-20,210.00,218.00,210.00,217.50,1.78,1069.00,228588.00,1,542
2022-10-19,215.00,216.00,213.70,213.70,-1.97,4150.00,889602.00,-1,543
2022-10-17,216.00,220.00,216.00,218.00,-0.91,2680.00,583698.50,-1,544
2022-10-16,214.00,224.40,214.00,220.00,1.38,2845.00,625028.50,1,545
2022-10-13,221.00,222.00,217.00,217.00,-2.82,8975.00,1970959.00,-1,546
2022-10-12,215.10,223.30,215.10,223.30,2.24,2031.00,443884.00,1,547
2022-10-11,217.10,221.00,217.10,218.40,-0.59,950.00,207362.00,-1,548
2022-10-10,231.00,231.00,219.70,219.70,-3.09,5265.00,1175589.70,-1,549
2022-10-09,214.00,226.70,214.00,226.70,5.93,1520.00,333734.00,1,550
2022-09-29,215.00,218.00,214.00,214.00,-0.14,4399.00,945952.80,-1,551
2022-09-28,215.00,216.00,214.00,214.30,-0.33,1330.00,285854.00,-1,552
2022-09-27,213.00,221.30,213.00,215.00,0.89,4941.00,1063479.50,1,553
2022-09-25,212.20,215.00,212.20,213.10,-1.34,4775.00,1021051.60,-1,554
2022-09-22,212.10,218.00,212.00,216.00,-0.09,3148.00,678930.50,-1,555
2022-09-21,216.00,223.00,214.10,216.20,0.37,2955.00,640859.00,1,556
2022-09-20,217.00,219.00,215.10,215.40,-2.53,6377.00,1379633.00,-1,557
2022-09-18,220.60,223.00,220.10,221.00,-1.34,3230.00,714538.50,-1,558
2022-09-16,223.00,224.00,222.00,224.00,-1.37,2940.00,655572.00,-1,559
2022-09-15,235.00,237.00,227.00,227.10,-4.18,7261.00,1663441.10,-1,560
2022-09-14,229.00,239.50,229.00,237.00,2.60,4085.00,961383.00,1,561
2022-09-13,225.00,231.00,225.00,231.00,1.40,4710.00,1078176.00,1,562
2022-09-12,228.10,229.00,227.20,227.80,-1.39,2826.00,644235.80,-1,563
2022-09-11,230.20,238.00,230.00,231.00,-1.28,4705.00,1085689.00,-1,564
2022-09-08,229.00,241.50,228.10,234.00,0.86,7773.00,1842927.00,1,565
2022-09-07,230.50,234.00,228.00,232.00,-1.32,4315.00,997416.50,-1,566
2022-09-06,237.20,237.20,235.00,235.10,-0.89,2201.00,517908.20,-1,567
2022-09-05,235.00,240.50,235.00,237.20,-0.08,2111.00,501684.00,-1,568
2022-09-04,237.50,242.00,236.20,237.40,-1.08,2303.00,548870.50,-1,569
2022-09-02,240.00,242.00,235.00,240.00,0.42,3096.00,731809.50,1,570
2022-09-01,236.00,243.00,233.20,239.00,0.04,12823.00,3023409.00,1,571
2022-08-31,240.00,242.00,236.10,238.90,-0.46,7039.00,1677814.20,-1,572
2022-08-30,248.00,248.80,240.00,240.00,-1.64,8355.00,2029999.00,-1,573
2022-08-29,236.80,247.90,235.00,244.00,1.67,14890.00,3546340.50,1,574
2022-08-28,246.10,250.00,240.00,240.00,-3.23,26142.00,6342953.40,-1,575
2022-08-26,248.50,254.00,248.00,248.00,-1.98,5360.00,1336009.00,-1,576
2022-08-25,256.60,262.10,253.00,253.00,-1.94,11430.00,2924091.50,-1,577
2022-08-24,260.00,260.00,257.20,258.00,0.66,5150.00,1331190.50,1,578
2022-08-23,259.00,264.00,256.00,256.30,-1.42,6966.00,1807710.50,-1,579
2022-08-22,257.00,261.00,257.00,260.00,-0.76,8654.00,2238605.60,-1,580
2022-08-21,264.20,268.50,262.00,262.00,-2.67,12304.00,3268072.00,-1,581
2022-08-18,256.10,269.20,256.10,269.20,4.34,11187.00,2977536.50,1,582
2022-08-17,260.00,265.00,256.00,258.00,0.00,6956.00,1800740.10,0,583
2022-08-16,268.00,270.00,258.00,258.00,-1.90,17523.00,4613171.00,-1,584
2022-08-15,260.00,265.30,255.10,263.00,3.14,9315.00,2443257.90,1,585
2022-08-14,255.00,261.10,253.10,255.00,-1.54,10610.00,2715517.70,-1,586
2022-08-11,265.00,274.00,259.00,259.00,-1.89,7468.00,1964198.30,-1,587
2022-08-10,263.00,270.00,258.00,264.00,-1.38,14137.00,3728325.10,-1,588
2022-08-09,280.00,280.00,267.00,267.70,-3.71,17298.00,4696706.20,-1,589
2022-08-08,280.50,285.60,278.00,278.00,-0.71,19955.00,5624103.20,-1,590
2022-08-07,276.10,286.00,276.10,280.00,-0.18,13878.00,3901395.60,-1,591
2022-08-05,272.20,285.00,272.00,280.50,1.41,29450.00,8242278.00,1,592
2022-08-04,289.00,289.00,276.60,276.60,-4.46,23578.00,6650749.00,-1,593
2022-08-03,277.50,295.00,277.50,289.50,3.39,30514.00,8789138.00,1,594
2022-08-02,283.00,288.00,278.00,280.00,-2.78,17266.00,4867752.90,-1,595
2022-08-01,285.00,299.00,280.00,288.00,1.05,33538.00,9639765.90,1,596
2022-07-31,290.00,290.00,281.00,285.00,-0.56,12812.00,3634603.10,-1,597
2022-07-29,285.00,298.00,278.00,286.60,0.21,13002.00,3727628.50,1,598
2022-07-28,283.00,297.00,273.00,286.00,2.88,62552.00,18046348.80,1,599
2022-07-27,269.00,279.40,262.00,278.00,3.35,26970.00,7311062.50,1,600
2022-07-26,268.00,282.00,263.00,269.00,-1.50,19886.00,5378221.60,-1,601
2022-07-25,269.20,279.40,258.80,273.10,3.45,28970.00,7877021.70,1,602
2022-07-24,250.00,264.90,250.00,264.00,3.73,10540.00,2732388.00,1,603
2022-07-22,255.90,260.00,252.00,254.50,-2.49,10040.00,2569576.00,-1,604
2022-07-21,260.00,264.00,256.80,261.00,0.38,5670.00,1465369.10,1,605
2022-07-20,260.00,266.00,260.00,260.00,-1.89,8878.00,2325647.50,-1,606
2022-07-19,265.00,270.00,259.40,265.00,1.49,12275.00,3232650.00,1,607
2022-07-18,252.00,265.00,251.00,261.10,1.71,3805.00,990899.50,1,608
2022-07-17,254.90,262.90,252.00,256.70,-1.27,3647.00,938505.10,-1,609
2022-07-15,262.00,264.00,254.80,260.00,-2.62,6532.00,1682012.40,-1,610
2022-07-14,264.10,269.00,255.00,267.00,3.09,26805.00,6935649.50,1,611
2022-07-13,250.00,260.80,246.00,259.00,5.28,17498.00,4475097.10,1,612
2022-07-12,242.00,252.90,239.00,246.00,1.03,8631.00,2118906.20,1,613
2022-07-11,257.00,257.00,243.00,243.50,-7.06,20279.00,5024661.90,-1,614
2022-07-08,261.00,270.30,257.00,262.00,-1.13,5670.00,1481216.00,-1,615
2022-07-07,276.50,276.50,265.00,265.00,-2.25,12502.00,3367730.00,-1,616
2022-07-06,280.00,280.00,262.50,271.10,-1.42,32219.00,8640127.80,-1,617
2022-07-05,282.30,285.00,270.00,275.00,-4.51,19406.00,5361597.00,-1,618
2022-07-04,280.50,295.00,269.00,288.00,4.73,44107.00,12565681.80,1,619
2022-07-03,250.00,275.00,250.00,275.00,10.00,52662.00,14191460.00,1,620
2022-07-01,251.00,256.00,248.00,250.00,-2.34,5915.00,1480824.00,-1,621
2022-06-30,246.90,256.00,245.00,256.00,5.35,14012.00,3537420.20,1,622
2022-06-29,243.00,245.70,235.00,243.00,1.72,8575.00,2075563.90,1,623
2022-06-28,234.10,239.80,230.00,238.90,0.38,4530.00,1077382.50,1,624
2022-06-27,246.50,251.00,238.00,238.00,-1.53,6626.00,1610084.00,-1,625
2022-06-26,236.60,245.00,233.00,241.70,4.18,19846.00,4782744.50,1,626
2022-06-24,227.00,240.70,218.10,232.00,0.43,9736.00,2252603.00,1,627
2022-06-23,237.20,237.20,226.30,231.00,-4.55,13900.00,3210279.70,-1,628
2022-06-22,243.00,247.00,241.00,242.00,-1.39,10351.00,2504307.10,-1,629
2022-06-21,241.00,255.80,240.20,245.40,0.12,8260.00,2057505.00,1,630
2022-06-20,250.10,251.70,239.00,245.10,-3.50,13326.00,3237863.00,-1,631
2022-06-19,262.00,262.00,254.00,254.00,-4.87,4946.00,1268421.30,-1,632
2022-06-17,270.00,272.00,265.00,267.00,-0.37,1918.00,517979.80,-1,633
2022-06-16,261.00,275.00,260.00,268.00,0.75,7695.00,2050585.00,1,634
2022-06-15,264.10,266.00,257.00,266.00,-1.12,11255.00,2939298.00,-1,635
2022-06-14,270.10,275.70,266.00,269.00,-2.18,9380.00,2538582.40,-1,636
2022-06-13,280.00,285.00,275.00,275.00,-2.48,3791.00,1050332.00,-1,637
2022-06-10,278.40,290.00,275.00,282.00,-0.70,2785.00,785124.00,-1,638
2022-06-09,279.00,295.00,279.00,284.00,1.07,16170.00,4637374.50,1,639
2022-06-08,274.60,288.00,271.00,281.00,2.33,11013.00,3086771.10,1,640
2022-06-07,276.00,285.60,274.40,274.60,-1.65,8787.00,2430357.90,-1,641
2022-06-06,280.00,291.20,274.00,279.20,-0.11,6284.00,1756430.20,-1,642
2022-06-03,285.00,291.00,279.00,279.50,-2.27,8981.00,2532379.50,-1,643
2022-06-02,287.00,297.00,285.30,286.00,-0.38,2255.00,657377.50,-1,644
2022-06-01,288.30,293.00,284.10,287.10,-0.42,2930.00,844484.00,-1,645
2022-05-31,290.70,297.80,285.20,288.30,-1.70,7851.00,2288690.50,-1,646
2022-05-30,306.00,306.00,292.40,293.30,-2.23,12980.00,3845472.10,-1,647
2022-05-27,304.00,304.00,298.00,300.00,-1.32,9703.00,2919359.80,-1,648
2022-05-26,307.00,311.00,301.00,304.00,-1.94,8632.00,2622138.90,-1,649
2022-05-25,301.50,310.00,301.00,310.00,0.98,12623.00,3846240.30,1,650
2022-05-24,300.00,307.90,296.00,307.00,2.30,6930.00,2093206.00,1,651
2022-05-23,305.00,305.00,297.20,300.10,-1.93,17214.00,5172831.70,-1,652
2022-05-20,302.00,314.10,302.00,306.00,-0.42,2659.00,815689.20,-1,653
2022-05-19,316.00,316.00,304.30,307.30,-0.87,5166.00,1597111.00,-1,654
2022-05-18,305.00,315.00,303.80,310.00,0.00,15883.00,4902019.00,0,655
2022-05-17,319.00,320.00,307.90,310.00,-4.62,11764.00,3682446.50,-1,656
2022-05-12,333.00,333.00,320.40,325.00,-1.81,25068.00,8185607.50,-1,657
2022-05-11,326.20,333.00,316.00,331.00,3.47,23333.00,7572493.10,1,658
2022-05-10,308.00,319.90,307.00,319.90,4.20,20388.00,6406711.00,1,659
2022-05-09,310.00,311.00,299.50,307.00,0.33,35878.00,10969347.00,1,660
2022-05-08,293.30,312.10,293.30,306.00,2.62,8297.00,2515545.00,1,661
2022-05-05,317.00,321.00,296.00,298.20,-5.69,26995.00,8235535.50,-1,662
2022-05-04,324.00,335.00,310.00,316.20,-4.18,18891.00,6006662.70,-1,663
2022-05-02,333.00,333.90,328.30,330.00,-2.65,6958.00,2298741.40,-1,664
2022-04-28,348.80,348.80,333.30,339.00,-0.88,9925.00,3342850.60,-1,665
2022-04-27,332.00,345.70,330.20,342.00,1.79,10728.00,3624691.20,1,666
2022-04-26,342.00,362.00,336.00,336.00,-1.75,8205.00,2794744.00,-1,667
2022-04-25,358.00,359.00,341.10,342.00,-2.56,5588.00,1948899.00,-1,668
2022-04-24,338.00,358.90,334.00,351.00,5.09,13216.00,4595051.70,1,669
2022-04-21,335.20,341.00,325.60,334.00,-2.34,14192.00,4745230.70,-1,670
2022-04-20,336.40,349.90,330.00,342.00,-0.35,7619.00,2550448.50,-1,671
2022-04-19,342.00,347.90,336.00,343.20,-1.38,7032.00,2409728.30,-1,672
2022-04-18,350.00,355.00,342.00,348.00,-0.66,15728.00,5445133.40,-1,673
2022-04-17,346.00,374.00,345.00,350.30,0.09,19545.00,6896299.00,1,674
2022-04-13,342.00,357.00,340.00,350.00,1.16,4887.00,1711712.00,1,675
2022-04-12,347.10,349.00,338.10,346.00,-2.26,6185.00,2131854.50,-1,676
2022-04-11,355.00,361.60,350.00,354.00,0.54,15794.00,5558392.00,1,677
2022-04-07,355.00,358.90,351.00,352.10,0.60,13398.00,4753186.00,1,678
2022-04-06,347.00,359.80,347.00,350.00,-0.85,25903.00,9102755.40,-1,679
2022-04-05,346.00,356.90,344.00,353.00,0.86,17730.00,6167592.80,1,680
2022-04-04,351.00,356.00,350.00,350.00,-1.38,8152.00,2867864.00,-1,681
2022-04-03,352.00,356.00,352.00,354.90,-0.87,5064.00,1794110.50,-1,682
2022-03-31,358.10,364.00,357.10,358.00,-1.65,7653.00,2741326.60,-1,683
2022-03-30,350.10,367.00,350.10,364.00,2.82,9770.00,3510076.50,1,684
2022-03-29,360.00,360.00,353.00,354.00,-0.31,7452.00,2649242.60,-1,685
2022-03-28,355.00,360.00,354.00,355.10,-1.09,5586.00,1989440.80,-1,686
2022-03-27,365.00,365.00,358.00,359.00,-1.91,19852.00,7136827.00,-1,687
2022-03-24,368.00,373.00,365.20,366.00,-2.40,7369.00,2717875.40,-1,688
2022-03-23,372.40,375.00,369.00,375.00,-0.29,5760.00,2143716.50,-1,689
2022-03-22,375.50,381.00,375.50,376.10,0.03,9596.00,3623504.80,1,690
2022-03-21,363.10,378.00,363.10,376.00,1.62,9409.00,3494962.60,1,691
2022-03-20,367.00,385.00,364.00,370.00,-0.27,10784.00,3982082.50,-1,692
2022-03-16,370.00,374.50,368.00,371.00,-1.04,7163.00,2659371.00,-1,693
2022-03-15,371.00,375.00,371.00,374.90,-0.03,10587.00,3953500.80,-1,694
2022-03-14,377.10,382.00,375.00,375.00,-1.83,5330.00,2016682.00,-1,695
2022-03-13,377.00,384.50,375.10,382.00,1.25,21818.00,8301810.20,1,696
2022-03-10,351.30,377.30,351.30,377.30,5.98,14325.00,5263950.70,1,697
2022-03-09,363.00,367.30,356.00,356.00,-1.93,9535.00,3421282.00,-1,698
2022-03-07,365.00,372.00,361.00,363.00,-0.14,16931.00,6149512.00,-1,699
2022-03-06,370.00,377.30,363.10,363.50,-1.76,15029.00,5531526.10,-1,700
2022-03-02,380.00,388.00,366.60,370.00,-3.65,29364.00,11005255.70,-1,701
2022-02-28,404.90,408.00,384.00,384.00,-3.27,34105.00,13432627.40,-1,702
2022-02-27,400.00,405.00,390.50,397.00,1.22,24962.00,9938582.00,1,703
2022-02-24,397.00,397.90,388.00,392.20,-1.73,29872.00,11723423.70,-1,704
2022-02-23,400.00,409.00,397.00,399.10,0.03,21249.00,8537991.50,1,705
2022-02-22,402.00,410.00,395.00,399.00,1.01,57974.00,23332935.90,1,706
2022-02-21,385.00,400.00,385.00,395.00,2.57,11249.00,4421132.80,1,707
2022-02-20,386.20,401.00,380.00,385.10,-2.26,32423.00,12716599.40,-1,708
2022-02-17,390.00,400.00,384.20,394.00,-0.96,17093.00,6681843.30,-1,709
2022-02-16,412.00,412.00,395.20,397.80,-1.78,35260.00,14116958.00,-1,710
2022-02-15,395.00,405.00,384.00,405.00,4.44,27136.00,10717040.20,1,711
2022-02-14,385.00,398.80,382.50,387.80,0.73,16915.00,6558867.30,1,712
2022-02-13,400.00,400.00,383.50,385.00,-4.70,26325.00,10190042.20,-1,713
2022-02-10,405.00,409.00,399.90,404.00,-1.22,23962.00,9650819.20,-1,714
2022-02-09,408.00,409.00,401.40,409.00,-0.73,15870.00,6409923.00,-1,715
2022-02-08,419.00,426.00,403.00,412.00,0.24,28917.00,11934373.30,1,716
2022-02-07,410.00,416.00,402.00,411.00,0.71,21789.00,8942689.80,1,717
2022-02-06,425.30,425.30,407.00,408.10,-2.13,37289.00,15303776.30,-1,718
2022-02-03,431.00,434.00,415.00,417.00,-1.42,37300.00,15782234.80,-1,719
2022-02-01,399.00,427.00,399.00,423.00,3.93,53939.00,22646132.80,1,720
2022-01-31,421.00,421.00,405.00,407.00,-1.45,19394.00,7952341.00,-1,721
2022-01-30,398.80,416.10,398.80,413.00,5.63,27053.00,11122849.40,1,722
2022-01-27,400.00,400.00,390.10,391.00,-0.64,12653.00,4994840.20,-1,723
2022-01-26,395.00,408.00,390.00,393.50,-1.63,28707.00,11299716.70,-1,724
2022-01-25,400.00,419.00,395.00,400.00,-0.25,39325.00,15867210.00,-1,725
2022-01-24,410.80,417.00,396.00,401.00,-4.32,59377.00,24056726.80,-1,726
2022-01-23,437.00,437.00,418.00,419.10,-2.31,34218.00,14454034.90,-1,727
2022-01-20,427.00,429.00,415.00,429.00,1.90,28912.00,12235321.00,1,728
2022-01-19,417.00,430.00,417.00,421.00,-0.94,45829.00,19284007.60,-1,729
2022-01-18,439.00,439.00,421.00,425.00,-3.41,48573.00,20860572.00,-1,730
2022-01-17,433.00,442.50,425.40,440.00,0.00,75392.00,32695448.80,0,731
2022-01-16,435.00,446.00,427.00,440.00,3.02,88756.00,38841765.00,1,732
2022-01-13,402.10,430.20,400.00,427.10,5.46,82485.00,34458620.70,1,733
2022-01-12,392.00,422.90,392.00,405.00,1.73,108236.00,44370649.50,1,734
2022-01-11,374.10,418.30,374.10,398.10,4.57,58311.00,23223306.40,1,735
2022-01-10,386.50,394.00,370.50,380.70,0.45,55555.00,21294684.00,1,736
2022-01-09,370.00,388.00,366.20,379.00,2.99,29837.00,11304755.70,1,737
2022-01-06,357.70,372.00,351.10,368.00,0.82,14285.00,5186561.00,1,738
2022-01-05,361.00,376.00,348.00,365.00,-0.82,36652.00,13490541.10,-1,739
2022-01-04,350.00,374.00,338.10,368.00,6.67,24386.00,8608005.40,1,740
2022-01-03,339.00,347.00,339.00,345.00,1.47,17768.00,6091738.50,1,741
2022-01-02,339.00,343.00,338.00,340.00,0.89,10356.00,3523582.70,1,742
2021-12-29,332.10,350.00,332.10,337.00,-0.30,12910.00,4384832.00,-1,743
2021-12-28,334.00,353.00,328.30,338.00,-0.59,14537.00,4924805.70,-1,744
2021-12-27,351.20,355.00,337.00,340.00,-4.49,25825.00,8933275.20,-1,745
2021-12-26,352.00,360.00,349.00,356.00,0.99,16140.00,5722828.20,1,746
2021-12-23,350.00,363.00,344.00,352.50,0.43,26337.00,9342879.80,1,747
2021-12-22,338.90,355.00,338.90,351.00,5.44,22882.00,7932152.80,1,748
2021-12-21,330.40,334.00,323.10,332.90,2.75,12290.00,4039015.00,1,749
2021-12-20,320.00,330.00,320.00,324.00,0.00,10980.00,3563734.00,0,750
2021-12-16,335.00,336.00,323.00,324.00,-3.28,9441.00,3082628.00,-1,751
2021-12-15,342.60,352.00,321.00,335.00,-0.27,25154.00,8589089.50,-1,752
2021-12-14,318.00,335.90,318.00,335.90,7.66,13718.00,4529683.80,1,753
2021-12-13,323.60,327.50,311.00,312.00,-5.17,20418.00,6473197.40,-1,754
2021-12-12,338.00,339.00,328.40,329.00,-3.52,19531.00,6498023.90,-1,755
2021-12-09,340.00,352.00,340.00,341.00,-1.45,14189.00,4888022.00,-1,756
2021-12-08,351.20,358.90,345.70,346.00,-3.08,11056.00,3865732.00,-1,757
2021-12-07,361.10,375.00,355.10,357.00,-1.65,19583.00,7107459.30,-1,758
2021-12-06,352.00,372.10,341.10,363.00,1.11,24420.00,8634549.50,1,759
2021-12-05,355.00,360.00,350.00,359.00,-0.55,18411.00,6508829.80,-1,760
2021-12-02,376.20,376.30,358.00,361.00,-2.17,17763.00,6462749.00,-1,761
2021-12-01,373.30,380.70,359.10,369.00,0.82,15674.00,5804378.00,1,762
2021-11-30,363.10,377.00,363.10,366.00,-0.81,14504.00,5339068.20,-1,763
2021-11-29,371.00,378.40,368.00,369.00,-0.54,17778.00,6591790.90,-1,764
2021-11-28,370.00,384.00,365.00,371.00,-1.59,28194.00,10587675.00,-1,765
2021-11-25,387.00,394.00,375.00,377.00,-0.79,13542.00,5121847.60,-1,766
2021-11-24,389.60,389.60,367.50,380.00,-0.52,15183.00,5722924.50,-1,767
2021-11-23,381.10,388.00,379.00,382.00,-1.55,13908.00,5299522.50,-1,768
2021-11-22,390.60,391.00,382.00,388.00,1.31,17298.00,6675324.20,1,769
2021-11-21,384.00,397.00,382.10,383.00,-1.79,17254.00,6652539.00,-1,770
2021-11-18,404.00,404.00,386.50,390.00,-1.74,15523.00,6058351.60,-1,771
2021-11-17,410.00,412.00,396.90,396.90,-1.27,40865.00,16521275.20,-1,772
2021-11-16,378.00,406.00,378.00,402.00,6.86,39060.00,15573553.80,1,773
2021-11-15,379.40,383.00,374.50,376.20,1.13,18210.00,6907411.00,1,774
2021-11-14,374.00,381.00,369.00,372.00,-0.53,18304.00,6842881.10,-1,775
2021-11-11,379.00,391.00,371.60,374.00,-2.60,24482.00,9246749.90,-1,776
2021-11-09,399.00,400.00,380.00,384.00,-3.76,28941.00,11208968.60,-1,777
2021-11-08,414.00,414.00,397.00,399.00,-1.72,19911.00,7999555.00,-1,778
2021-11-03,417.00,417.00,402.00,406.00,-0.73,16085.00,6575679.20,-1,779
2021-11-02,395.50,412.00,395.50,409.00,1.49,15979.00,6475362.70,1,780
2021-11-01,420.00,437.00,400.00,403.00,-3.13,51981.00,21422235.10,-1,781
2021-10-31,399.90,420.00,396.20,416.00,5.05,34291.00,14092634.00,1,782
2021-10-28,378.40,402.00,378.40,396.00,2.59,30789.00,12119204.40,1,783
2021-10-27,393.90,398.00,375.50,386.00,-2.01,37592.00,14701225.50,-1,784
2021-10-26,380.40,395.00,378.00,393.90,5.60,57933.00,22508440.00,1,785
2021-10-25,350.00,373.00,343.00,373.00,8.12,27819.00,9969441.00,1,786
2021-10-24,336.20,348.80,329.50,345.00,2.62,13889.00,4722259.90,1,787
2021-10-21,347.00,347.00,336.00,336.20,-1.98,7109.00,2404445.80,-1,788
2021-10-20,336.00,350.50,331.00,343.00,3.94,11856.00,4048046.00,1,789
2021-10-19,350.00,350.00,326.00,330.00,-4.07,23585.00,7809475.90,-1,790
2021-10-18,343.00,355.00,336.00,344.00,0.58,15711.00,5368022.30,1,791
2021-10-17,347.00,353.00,340.10,342.00,0.53,4494.00,1543106.80,1,792
2021-10-11,347.00,350.00,340.00,340.20,-1.96,13080.00,4495444.50,-1,793
2021-10-10,361.00,361.00,345.00,347.00,-1.98,16057.00,5644944.00,-1,794
2021-10-06,352.90,360.00,345.00,354.00,2.31,13159.00,4679571.50,1,795
2021-10-05,330.00,353.70,330.00,346.00,3.59,9454.00,3245020.70,1,796
2021-10-04,339.00,345.00,327.00,334.00,-1.47,27786.00,9330350.00,-1,797
2021-10-03,350.00,359.00,337.30,339.00,-4.51,18955.00,6554583.50,-1,798
2021-09-30,360.70,378.00,351.00,355.00,-3.53,20265.00,7367092.60,-1,799
2021-09-29,353.00,372.00,334.00,368.00,4.25,23947.00,8442916.00,1,800
2021-09-28,360.10,381.00,353.00,353.00,-3.55,35635.00,12881484.70,-1,801
2021-09-27,385.50,400.80,365.00,366.00,-3.17,42922.00,16184850.20,-1,802
2021-09-26,387.40,395.00,378.00,378.00,-4.38,31986.00,12314111.60,-1,803
2021-09-23,416.00,420.00,395.00,395.30,-3.11,32986.00,13325763.30,-1,804
2021-09-22,397.00,414.10,395.20,408.00,4.64,40651.00,16498528.70,1,805
2021-09-21,378.90,409.80,360.00,389.90,0.85,45803.00,17639900.00,1,806
2021-09-20,410.00,410.00,385.00,386.60,-5.48,53605.00,21005244.00,-1,807
2021-09-16,425.00,425.00,405.00,409.00,-3.76,59179.00,24334187.40,-1,808
2021-09-15,436.00,437.00,422.00,425.00,-2.52,30938.00,13247945.80,-1,809
2021-09-14,450.00,450.00,435.20,436.00,-2.24,24292.00,10728810.00,-1,810
2021-09-13,471.00,471.20,446.00,446.00,-3.46,38769.00,17557649.50,-1,811
2021-09-12,443.70,464.00,440.00,462.00,6.21,59143.00,26956884.00,1,812
2021-09-09,428.00,440.00,425.00,435.00,0.00,30096.00,13007886.50,0,813
2021-09-08,441.00,444.90,427.70,435.00,-2.25,39116.00,17002520.90,-1,814
2021-09-07,455.00,462.00,428.30,445.00,-2.20,36546.00,16215472.60,-1,815
2021-09-06,415.00,455.00,402.00,455.00,9.35,78532.00,34195690.00,1,816
2021-09-05,450.00,450.00,405.00,416.10,-7.53,67527.00,28237248.00,-1,817
2021-09-02,462.00,471.00,441.00,450.00,-2.60,41542.00,18844973.00,-1,818
2021-09-01,464.00,485.00,458.00,462.00,-0.65,37610.00,17490377.90,-1,819
2021-08-31,474.00,475.00,460.00,465.00,-1.90,42506.00,19713608.10,-1,820
2021-08-29,488.00,498.00,474.00,474.00,-1.02,87933.00,42504662.50,-1,821
2021-08-26,455.00,494.70,451.10,478.90,6.42,63343.00,29660868.80,1,822
2021-08-25,444.00,471.00,437.00,450.00,-0.66,64832.00,29258316.90,-1,823
2021-08-24,472.40,480.00,451.00,453.00,-6.02,80462.00,37133316.20,-1,824
2021-08-19,501.00,510.00,480.10,482.00,-3.79,95567.00,46812363.60,-1,825
2021-08-18,516.00,516.80,499.00,501.00,-1.12,142535.00,72372038.00,-1,826
2021-08-17,498.00,525.00,491.10,506.70,3.20,182833.00,93409372.40,1,827
2021-08-16,490.00,503.40,484.30,491.00,-0.61,71145.00,35196265.70,-1,828
2021-08-15,515.00,515.00,481.10,494.00,-4.82,145701.00,71770859.50,-1,829
2021-08-12,523.10,540.60,514.00,519.00,1.19,239850.00,126466508.30,1,830
2021-08-11,488.50,526.00,488.50,512.90,7.08,246667.00,125304791.40,1,831
2021-08-10,516.20,516.20,479.00,479.00,-5.35,226135.00,111314679.50,-1,832
2021-08-09,510.00,515.00,492.50,506.10,1.22,145762.00,73363569.00,1,833
2021-08-08,492.00,518.80,480.00,500.00,1.63,136161.00,68679535.60,1,834
2021-08-05,526.30,526.30,487.00,492.00,-4.65,127408.00,64088581.70,-1,835
2021-08-04,479.90,517.50,479.90,516.00,9.67,558785.00,282724340.60,1,836
2021-08-03,460.20,474.90,458.30,470.50,0.75,59739.00,27912226.80,1,837
2021-08-02,465.00,474.30,465.00,467.00,0.43,62322.00,29159873.90,1,838
2021-08-01,451.00,475.00,451.00,465.00,1.71,65524.00,30647134.30,1,839
2021-07-29,475.00,475.00,456.00,457.20,-2.31,67389.00,31140807.00,-1,840
2021-07-28,483.00,502.40,464.60,468.00,-3.11,81438.00,38759234.10,-1,841
2021-07-27,490.60,495.00,470.00,483.00,0.42,170990.00,82870033.50,1,842
2021-07-26,451.00,482.00,445.00,481.00,8.58,199090.00,93829511.10,1,843
2021-07-25,443.00,451.00,441.00,443.00,-0.89,78987.00,35184114.00,-1,844
2021-07-22,445.00,459.00,443.00,447.00,-0.78,47330.00,21303574.00,-1,845
2021-07-20,444.00,459.00,438.00,450.50,1.24,21468.00,9644028.00,1,846
2021-07-19,456.90,456.90,436.20,445.00,-0.89,56481.00,25171978.60,-1,847
2021-07-18,457.90,457.90,444.00,449.00,0.00,39789.00,17854700.00,0,848
2021-07-15,450.00,463.00,435.00,449.00,1.35,75052.00,33880660.00,1,849
2021-07-14,425.00,445.00,413.00,443.00,5.73,34526.00,14993712.00,1,850
2021-07-13,410.00,425.00,410.00,419.00,1.45,16742.00,7007423.00,1,851
2021-07-12,440.00,440.00,413.00,413.00,-3.28,26115.00,10995437.00,-1,852
2021-07-11,420.00,428.00,412.00,427.00,3.64,20741.00,8753700.00,1,853
2021-07-08,405.00,418.00,405.00,412.00,0.49,13085.00,5378918.00,1,854
2021-07-07,432.00,432.00,404.00,410.00,-0.49,13966.00,5714244.00,-1,855
2021-07-06,424.00,424.00,411.00,412.00,-0.96,13275.00,5498940.00,-1,856
2021-07-05,417.00,428.00,414.00,416.00,-1.42,19236.00,8033043.00,-1,857
2021-07-04,423.00,427.00,420.00,422.00,-0.24,15790.00,6671436.00,-1,858
2021-07-01,420.00,430.00,420.00,423.00,0.48,21747.00,9202270.00,1,859
2021-06-30,413.00,424.00,409.00,421.00,0.48,24531.00,10237343.00,1,860
2021-06-29,425.00,435.00,416.00,419.00,-1.41,41211.00,17318893.00,-1,861
2021-06-28,438.00,443.00,420.00,425.00,-2.97,45560.00,19706750.00,-1,862
2021-06-27,430.00,459.00,430.00,438.00,0.46,45911.00,20292237.00,1,863
2021-06-24,422.00,460.00,415.00,436.00,1.40,69989.00,30867943.00,1,864
2021-06-23,465.00,465.00,427.00,430.00,-2.93,50345.00,22072543.00,-1,865
2021-06-22,417.00,445.00,399.00,443.00,6.75,45840.00,19660449.00,1,866
2021-06-21,454.00,454.00,412.00,415.00,-4.16,81998.00,34795682.00,-1,867
2021-06-20,460.00,466.00,432.00,433.00,-5.87,119841.00,53037639.00,-1,868
2021-06-17,457.00,475.00,445.00,460.00,0.66,80713.00,36728492.00,1,869
2021-06-16,475.00,486.00,443.00,457.00,-6.92,177972.00,82533845.00,-1,870
2021-06-15,505.00,520.00,488.00,491.00,-4.84,90250.00,44993121.00,-1,871
2021-06-14,522.00,550.00,494.00,516.00,-0.77,210598.00,109143717.00,-1,872
2021-06-13,490.00,530.00,479.00,520.00,6.56,328925.00,167336719.00,1,873
2021-06-10,483.00,493.00,478.00,488.00,1.04,85178.00,41367309.00,1,874
2021-06-09,500.00,508.00,478.00,483.00,-2.62,89558.00,43817878.00,-1,875
2021-06-08,456.00,507.00,456.00,496.00,7.59,257855.00,126311481.00,1,876
2021-06-07,450.00,467.00,450.00,461.00,1.77,58744.00,27102513.00,1,877
2021-06-06,462.00,462.00,450.00,453.00,-1.74,75479.00,34228516.00,-1,878
2021-06-03,475.00,487.00,458.00,461.00,-2.95,67255.00,31342594.00,-1,879
2021-06-02,481.00,481.00,453.00,475.00,3.49,72926.00,33952310.00,1,880
2021-06-01,465.00,484.00,455.00,459.00,-1.29,41943.00,19477465.00,-1,881
2021-05-31,507.00,510.00,464.00,465.00,-6.25,117882.00,56346720.00,-1,882
2021-05-30,502.00,526.00,489.00,496.00,3.55,328208.00,166563353.00,1,883
2021-05-27,446.00,490.00,446.00,479.00,5.51,276197.00,132010134.00,1,884
2021-05-25,447.00,456.00,446.00,454.00,0.89,36682.00,16571272.00,1,885
2021-05-24,462.00,463.00,447.00,450.00,-0.88,45716.00,20676813.00,-1,886
2021-05-23,445.00,469.00,437.00,454.00,0.89,74586.00,33866756.00,1,887
2021-05-20,451.00,459.00,449.00,450.00,-1.75,60464.00,27296839.00,-1,888
2021-05-19,490.00,490.00,456.00,458.00,-2.76,57138.00,26422357.00,-1,889
2021-05-18,463.00,481.00,460.00,471.00,2.39,151006.00,71487935.00,1,890
2021-05-17,460.00,462.00,450.00,460.00,1.10,52112.00,23783181.00,1,891
2021-05-16,455.00,461.00,454.00,455.00,0.00,54603.00,24937550.00,0,892
2021-05-13,450.00,470.00,450.00,455.00,1.11,77398.00,35552091.00,1,893
2021-05-12,442.00,454.00,442.00,450.00,-0.22,47421.00,21258727.00,-1,894
2021-05-11,457.00,457.00,446.00,451.00,0.45,25294.00,11395698.00,1,895
2021-05-10,445.00,453.00,436.00,449.00,0.45,23516.00,10513194.00,1,896
2021-05-09,450.00,456.00,442.00,447.00,-2.19,31717.00,14267644.00,-1,897
2021-05-06,445.00,468.00,445.00,457.00,-1.72,48905.00,22448507.00,-1,898
2021-05-05,453.00,472.00,445.00,465.00,2.65,70344.00,32518813.00,1,899
2021-05-04,448.00,460.00,446.00,453.00,0.00,34870.00,15815583.00,0,900
2021-05-03,467.00,469.00,448.00,453.00,-2.37,73462.00,33303151.00,-1,901
2021-05-02,465.00,470.00,454.00,464.00,-1.07,73326.00,33942924.00,-1,902
2021-04-29,428.00,469.00,428.00,469.00,8.56,55747.00,24866486.00,1,903
2021-04-28,423.00,438.00,419.00,432.00,0.47,38366.00,16558471.00,1,904
2021-04-27,415.00,430.00,390.00,430.00,8.59,53851.00,22491669.00,1,905
2021-04-26,411.00,438.00,389.00,396.00,-5.49,72899.00,29426468.00,-1,906
2021-04-25,440.00,442.00,419.00,419.00,-6.26,63588.00,27301016.00,-1,907
2021-04-22,446.00,455.00,444.00,447.00,-1.11,42301.00,18950015.00,-1,908
2021-04-21,437.00,470.00,437.00,452.00,-1.74,32672.00,14821296.00,-1,909
2021-04-20,457.00,460.00,446.00,460.00,0.66,38437.00,17424561.00,1,910
2021-04-19,460.00,463.00,442.00,457.00,0.66,54207.00,24587754.00,1,911
2021-04-18,460.00,462.00,448.00,454.00,-2.37,63049.00,28654155.00,-1,912
2021-04-15,473.00,473.00,460.00,465.00,-0.43,37153.00,17238617.00,-1,913
2021-04-13,455.00,500.00,445.00,467.00,2.64,78555.00,35985861.00,1,914
2021-04-12,470.00,476.00,451.00,455.00,-4.41,112852.00,51486180.00,-1,915
2021-04-08,508.00,508.00,460.00,476.00,-2.86,137933.00,65497999.00,-1,916
2021-04-07,500.00,535.00,472.00,490.00,0.20,181684.00,92693577.00,1,917
2021-04-06,446.00,489.00,430.00,489.00,9.89,222671.00,105164132.00,1,918
2021-04-05,444.00,465.00,409.00,445.00,5.20,287227.00,126515255.00,1,919
2021-04-04,404.00,423.00,404.00,423.00,9.87,179591.00,75658585.00,1,920
2021-04-01,367.00,385.00,348.00,385.00,10.00,212519.00,79643837.00,1,921
2021-03-31,340.00,352.00,338.00,350.00,3.55,138544.00,48028201.00,1,922
2021-03-30,328.00,340.00,328.00,338.00,4.97,88797.00,29803792.00,1,923
2021-03-29,318.00,344.00,318.00,322.00,1.26,51609.00,16889585.00,1,924
2021-03-25,332.00,333.00,316.00,318.00,-4.22,70813.00,22829528.00,-1,925
2021-03-24,360.00,360.00,330.00,332.00,-3.21,119921.00,40960864.00,-1,926
2021-03-23,315.00,343.00,311.00,343.00,9.94,239230.00,80248168.00,1,927
2021-03-22,293.00,315.00,293.00,312.00,5.41,84201.00,26023689.00,1,928
2021-03-21,292.00,301.00,292.00,296.00,0.00,10200.00,3019280.00,0,929
2021-03-18,300.00,300.00,296.00,296.00,0.00,15971.00,4757260.00,0,930
2021-03-17,290.00,300.00,290.00,296.00,0.68,10550.00,3114340.00,1,931
2021-03-16,291.00,301.00,291.00,294.00,-0.68,18880.00,5557745.00,-1,932
2021-03-15,293.00,301.00,293.00,296.00,0.34,20130.00,5987065.00,1,933
2021-03-14,293.00,303.00,293.00,295.00,-1.01,27790.00,8313313.00,-1,934
2021-03-10,295.00,301.00,295.00,298.00,-0.33,18288.00,5472556.00,-1,935
2021-03-09,290.00,306.00,290.00,299.00,1.36,20305.00,6058615.00,1,936
2021-03-07,293.00,302.00,292.00,295.00,-0.67,19144.00,5650156.00,-1,937
2021-03-04,281.00,306.00,281.00,297.00,3.85,37158.00,10935119.00,1,938
2021-03-03,290.00,290.00,282.00,286.00,-2.39,34236.00,9774447.00,-1,939
2021-03-02,295.00,300.00,286.00,293.00,-0.68,45536.00,13366340.00,-1,940
2021-03-01,285.00,304.00,282.00,295.00,2.79,15088.00,4448625.00,1,941
2021-02-28,295.00,304.00,284.00,287.00,-4.01,28811.00,8402128.00,-1,942
2021-02-25,305.00,310.00,299.00,299.00,-0.99,23680.00,7148860.00,-1,943
2021-02-24,306.00,318.00,302.00,302.00,0.67,22441.00,6873535.00,1,944
2021-02-23,306.00,310.00,296.00,300.00,-3.54,34099.00,10307924.00,-1,945
2021-02-22,315.00,322.00,309.00,311.00,-2.20,40600.00,12795788.00,-1,946
2021-02-21,305.00,325.00,302.00,318.00,4.26,80655.00,25660190.00,1,947
2021-02-18,298.00,316.00,298.00,305.00,0.33,19758.00,6061832.00,1,948
2021-02-17,308.00,308.00,299.00,304.00,-0.33,14212.00,4291102.00,-1,949
2021-02-16,315.00,315.00,300.00,305.00,-1.61,19185.00,5817992.00,-1,950
2021-02-15,307.00,311.00,299.00,310.00,2.99,30355.00,9238145.00,1,951
2021-02-14,310.00,310.00,298.00,301.00,-0.99,25648.00,7710437.00,-1,952
2021-02-11,310.00,310.00,302.00,304.00,-1.94,28484.00,8706430.00,-1,953
2021-02-10,308.00,312.00,308.00,310.00,-0.32,19661.00,6089614.00,-1,954
2021-02-09,307.00,315.00,307.00,311.00,-0.32,33591.00,10447023.00,-1,955
2021-02-08,327.00,327.00,312.00,312.00,-1.89,32658.00,10262428.00,-1,956
2021-02-07,319.00,325.00,308.00,318.00,1.60,52807.00,16752771.00,1,957
2021-02-04,306.00,319.00,301.00,313.00,1.29,37315.00,11671205.00,1,958
2021-02-03,309.00,323.00,300.00,309.00,1.98,71338.00,22305825.00,1,959
2021-02-02,295.00,312.00,295.00,303.00,1.34,21402.00,6497120.00,1,960
2021-02-01,298.00,306.00,295.00,299.00,2.05,16694.00,4995064.00,1,961
2021-01-31,298.00,302.00,289.00,293.00,-3.62,32337.00,9548307.00,-1,962
2021-01-28,303.00,313.00,303.00,304.00,-1.30,38287.00,11813248.00,-1,963
2021-01-27,311.00,314.00,303.00,308.00,-0.96,59450.00,18340695.00,-1,964
2021-01-26,320.00,325.00,309.00,311.00,-4.31,49123.00,15540751.00,-1,965
2021-01-25,337.00,342.00,316.00,325.00,-3.56,51934.00,16877466.00,-1,966
2021-01-24,320.00,341.00,316.00,337.00,3.37,111556.00,36524006.00,1,967
2021-01-21,310.00,332.00,304.00,326.00,6.19,154390.00,49019532.00,1,968
2021-01-20,283.00,310.00,281.00,307.00,8.87,113394.00,33989449.00,1,969
2021-01-19,281.00,296.00,276.00,282.00,0.36,38198.00,10885540.00,1,970
2021-01-18,282.00,286.00,281.00,281.00,-1.40,25288.00,7167451.00,-1,971
2021-01-17,287.00,294.00,284.00,285.00,-2.06,27105.00,7805134.00,-1,972
2021-01-13,287.00,304.00,286.00,291.00,1.75,69807.00,20379974.00,1,973
2021-01-12,266.00,288.00,264.00,286.00,7.12,42721.00,11936797.00,1,974
2021-01-11,263.00,273.00,263.00,267.00,-0.37,14218.00,3835270.00,-1,975
2021-01-10,269.00,275.00,264.00,268.00,-0.37,15802.00,4232006.00,-1,976
2021-01-07,265.00,270.00,265.00,269.00,0.00,12095.00,3237240.00,0,977
2021-01-06,270.00,280.00,268.00,269.00,-0.37,10818.00,2932696.00,-1,978
2021-01-05,261.00,286.00,261.00,270.00,1.89,30874.00,8412940.00,1,979
2021-01-04,268.00,275.00,262.00,265.00,-0.38,15855.00,4212760.00,-1,980
2021-01-03,256.00,267.00,252.00,266.00,3.91,19230.00,5066925.00,1,981
2020-12-31,263.00,269.00,255.00,256.00,-0.78,20799.00,5399591.00,-1,982
2020-12-30,253.00,258.00,249.00,258.00,1.98,14138.00,3601956.00,1,983
2020-12-29,253.00,258.00,253.00,253.00,-1.17,9365.00,2380310.00,-1,984
2020-12-28,251.00,265.00,250.00,256.00,0.00,11229.00,2899859.00,0,985
2020-12-27,258.00,263.00,252.00,256.00,-2.66,18801.00,4856342.00,-1,986
2020-12-24,263.00,272.00,260.00,263.00,-1.87,9945.00,2623835.00,-1,987
2020-12-23,281.00,286.00,267.00,268.00,-2.90,24074.00,6638505.00,-1,988
2020-12-22,240.00,276.00,240.00,276.00,9.96,35798.00,9544815.00,1,989
2020-12-21,246.00,263.00,226.00,251.00,2.03,33811.00,8304480.00,1,990
2020-12-20,262.00,270.00,243.00,246.00,-7.87,41616.00,10473070.00,-1,991
2020-12-17,271.00,276.00,256.00,267.00,-3.26,52043.00,13724280.00,-1,992
2020-12-16,276.00,280.00,274.00,276.00,-1.08,24283.00,6729565.00,-1,993
2020-12-15,270.00,292.00,270.00,279.00,-1.06,31723.00,8959094.00,-1,994
2020-12-14,288.00,290.00,276.00,282.00,-1.05,42115.00,11895905.00,-1,995
2020-12-13,289.00,297.00,269.00,285.00,-2.06,82321.00,23114747.00,-1,996
2020-12-10,326.00,338.00,286.00,291.00,-6.43,150209.00,46632262.00,-1,997
2020-12-09,297.00,311.00,297.00,311.00,9.89,174004.00,54070996.00,1,998
2020-12-08,270.00,283.00,265.00,283.00,9.69,167701.00,46927377.00,1,999
2020-12-07,235.00,258.00,231.00,258.00,9.79,80506.00,19779433.00,1,1000
2020-12-06,256.00,256.00,235.00,235.00,-9.96,107649.00,25983231.00,-1,1001
2020-12-03,280.00,300.00,260.00,261.00,-5.09,66807.00,18388074.00,-1,1002
2020-12-02,262.00,275.00,257.00,275.00,10.00,76774.00,21057807.00,1,1003
2020-12-01,239.00,250.00,222.00,250.00,9.65,144418.00,34575879.00,1,1004
2020-11-30,204.00,228.00,204.00,228.00,9.62,120929.00,26641342.00,1,1005
2020-11-29,201.00,216.00,201.00,208.00,1.46,46701.00,9786556.00,1,1006
2020-11-26,206.00,209.00,203.00,205.00,-0.97,32522.00,6685396.00,-1,1007
2020-11-25,200.00,212.00,199.00,207.00,1.47,15953.00,3290888.00,1,1008
2020-11-24,195.00,206.00,195.00,204.00,2.00,29443.00,5999516.00,1,1009
2020-11-23,201.00,204.00,199.00,200.00,-1.96,28938.00,5826353.00,-1,1010
2020-11-22,203.00,211.00,203.00,204.00,-1.45,26333.00,5394372.00,-1,1011
2020-11-19,201.00,209.00,201.00,207.00,1.47,37599.00,7719795.00,1,1012
2020-11-18,202.00,207.00,200.00,204.00,-0.97,40690.00,8258520.00,-1,1013
2020-11-12,206.00,210.00,204.00,206.00,-1.90,26528.00,5455355.00,-1,1014
2020-11-11,204.00,210.00,204.00,210.00,1.45,27440.00,5710468.00,1,1015
2020-11-10,204.00,211.00,204.00,207.00,0.98,40356.00,8371372.00,1,1016
2020-11-09,210.00,214.00,205.00,205.00,-3.30,45497.00,9508071.00,-1,1017
2020-11-08,212.00,217.00,203.00,212.00,1.92,58218.00,12423231.00,1,1018
2020-11-05,204.00,208.00,202.00,208.00,0.97,39799.00,8189239.00,1,1019
2020-11-04,214.00,214.00,198.00,206.00,0.98,26809.00,5463455.00,1,1020
2020-11-03,198.00,205.00,198.00,204.00,1.49,22080.00,4478971.00,1,1021
2020-11-02,202.00,205.00,198.00,201.00,-0.50,27224.00,5485749.00,-1,1022
2020-11-01,193.00,210.00,193.00,202.00,3.06,74498.00,15089893.00,1,1023
2020-10-29,190.00,199.00,190.00,196.00,1.55,16130.00,3158540.00,1,1024
2020-10-28,196.00,196.00,191.00,193.00,-0.52,19140.00,3699896.00,-1,1025
2020-10-22,190.00,197.00,189.00,194.00,1.57,19200.00,3726560.00,1,1026
2020-10-21,204.00,204.00,189.00,191.00,-2.05,26120.00,5006227.00,-1,1027
2020-10-20,195.00,199.00,193.00,195.00,0.52,46897.00,9177858.00,1,1028
2020-10-19,184.00,196.00,184.00,194.00,3.74,22560.00,4315190.00,1,1029
2020-10-18,187.00,189.00,185.00,187.00,-1.58,12410.00,2322510.00,-1,1030
2020-10-15,187.00,196.00,185.00,190.00,1.60,18863.00,3552935.00,1,1031
2020-10-14,187.00,190.00,181.00,187.00,0.54,21728.00,4059883.00,1,1032
2020-10-13,189.00,198.00,184.00,186.00,-1.59,35227.00,6639142.00,-1,1033
2020-10-12,200.00,200.00,189.00,189.00,-4.55,42870.00,8282200.00,-1,1034
2020-10-11,201.00,206.00,190.00,198.00,-2.94,51699.00,10267421.00,-1,1035
2020-10-08,207.00,222.00,198.00,204.00,-2.39,91531.00,18833747.00,-1,1036
2020-10-07,195.00,209.00,193.00,209.00,10.00,189917.00,39101083.00,1,1037
2020-10-06,175.00,190.00,172.00,190.00,9.83,114236.00,21166995.00,1,1038
2020-10-05,172.00,181.00,170.00,173.00,-1.14,31644.00,5556834.00,-1,1039
2020-10-04,170.00,176.00,170.00,175.00,1.16,21675.00,3724390.00,1,1040
2020-10-01,178.00,181.00,172.00,173.00,-4.42,74433.00,13080760.00,-1,1041
2020-09-30,176.00,185.00,176.00,181.00,1.12,41564.00,7485310.00,1,1042
2020-09-29,171.00,188.00,171.00,179.00,2.87,29783.00,5333697.00,1,1043
2020-09-28,187.00,187.00,173.00,174.00,-2.79,13332.00,2331272.00,-1,1044
2020-09-27,183.00,190.00,178.00,179.00,-3.76,63514.00,11676231.00,-1,1045
2020-09-24,170.00,190.00,167.00,186.00,7.51,133500.00,24484361.00,1,1046
2020-09-23,173.00,173.00,162.00,173.00,4.85,36368.00,6143200.00,1,1047
2020-09-22,174.00,174.00,160.00,165.00,-0.60,42390.00,7102990.00,-1,1048
2020-09-21,165.00,176.00,161.00,166.00,0.61,39395.00,6561011.00,1,1049
2020-09-20,187.00,190.00,163.00,165.00,-7.82,30550.00,5128877.00,-1,1050
2020-09-17,171.00,179.00,158.00,179.00,9.82,96052.00,16843794.00,1,1051
2020-09-16,153.00,169.00,149.00,163.00,5.16,27335.00,4399655.00,1,1052
2020-09-15,160.00,160.00,154.00,155.00,-2.52,18598.00,2913504.00,-1,1053
2020-09-14,155.00,166.00,152.00,159.00,0.63,37409.00,6068850.00,1,1054
2020-09-13,148.00,162.00,146.00,158.00,6.76,32388.00,4989805.00,1,1055
2020-09-10,143.00,157.00,143.00,148.00,2.07,11660.00,1734545.00,1,1056
2020-09-09,143.00,148.00,141.00,145.00,0.00,6330.00,914230.00,0,1057
2020-09-08,143.00,149.00,140.00,145.00,0.00,10915.00,1572145.00,0,1058
2020-09-07,144.00,151.00,143.00,145.00,-0.68,12775.00,1857205.00,-1,1059
2020-09-06,153.00,156.00,142.00,146.00,-2.67,26510.00,3975310.00,-1,1060
2020-09-03,163.00,163.00,148.00,150.00,-3.85,43192.00,6626458.00,-1,1061
2020-09-02,150.00,157.00,142.00,156.00,9.09,82268.00,12743255.00,1,1062
2020-08-31,139.00,150.00,137.00,143.00,4.38,26256.00,3760034.00,1,1063
2020-08-30,135.00,139.00,135.00,137.00,0.00,5580.00,764379.00,0,1064
2020-08-27,139.00,141.00,136.00,137.00,0.00,7020.00,962654.00,0,1065
2020-08-26,129.00,139.00,129.00,137.00,1.48,10140.00,1378890.00,1,1066
2020-08-25,137.00,137.00,135.00,135.00,0.00,13955.00,1892775.00,0,1067
2020-08-24,134.00,137.00,132.00,135.00,0.75,5590.00,752150.00,1,1068
2020-08-23,135.00,135.00,132.00,134.00,-2.19,10240.00,1364350.00,-1,1069
2020-08-20,132.00,137.00,132.00,137.00,3.01,8106.00,1093225.00,1,1070
2020-08-19,132.00,138.00,131.00,133.00,-0.75,4005.00,531622.00,-1,1071
2020-08-18,133.00,135.00,132.00,134.00,0.00,8570.00,1141310.00,0,1072
2020-08-17,132.00,135.00,132.00,134.00,0.00,8880.00,1180180.00,0,1073
2020-08-16,135.00,135.00,131.00,134.00,-2.19,10739.00,1425243.00,-1,1074
2020-08-13,135.00,139.00,133.00,137.00,0.00,9490.00,1301630.00,0,1075
2020-08-12,137.00,143.00,137.00,137.00,-1.44,8150.00,1131270.00,-1,1076
2020-08-11,137.00,141.00,134.00,139.00,0.00,10865.00,1513075.00,0,1077
2020-08-10,134.00,140.00,133.00,139.00,2.21,10534.00,1443396.00,1,1078
2020-08-09,133.00,138.00,132.00,136.00,0.74,13020.00,1759260.00,1,1079
2020-08-06,136.00,137.00,132.00,135.00,-0.74,8410.00,1131740.00,-1,1080
2020-08-05,133.00,137.00,131.00,136.00,0.74,8075.00,1088202.00,1,1081
2020-08-03,131.00,136.00,131.00,135.00,1.50,7389.00,987135.00,1,1082
2020-08-02,133.00,140.00,133.00,133.00,-1.48,21435.00,2906705.00,-1,1083
2020-07-30,134.00,142.00,133.00,135.00,-0.74,14710.00,2004780.00,-1,1084
2020-07-29,132.00,137.00,132.00,136.00,1.49,9720.00,1303490.00,1,1085
2020-07-28,134.00,138.00,131.00,134.00,-1.47,15850.00,2106155.00,-1,1086
2020-07-27,139.00,139.00,134.00,136.00,-0.73,10190.00,1378310.00,-1,1087
2020-07-26,138.00,140.00,134.00,137.00,-2.14,7620.00,1041465.00,-1,1088
2020-07-23,134.00,140.00,133.00,140.00,3.70,15700.00,2128780.00,1,1089
2020-07-22,142.00,142.00,133.00,135.00,-0.74,9078.00,1224920.00,-1,1090
2020-07-21,139.00,140.00,133.00,136.00,-3.55,9370.00,1282077.00,-1,1091
2020-07-20,145.00,152.00,134.00,141.00,1.44,11292.00,1568786.00,1,1092
2020-07-19,137.00,139.00,137.00,139.00,2.96,20.00,2760.00,1,1093
2020-07-16,133.00,140.00,133.00,135.00,0.75,6300.00,853798.00,1,1094
2020-07-15,133.00,137.00,133.00,134.00,-0.74,4140.00,558590.00,-1,1095
2020-07-14,140.00,140.00,132.00,135.00,-2.17,19700.00,2667086.00,-1,1096
2020-07-13,135.00,140.00,134.00,138.00,0.73,11200.00,1528129.00,1,1097
2020-07-12,137.00,141.00,135.00,137.00,-1.44,9304.00,1275020.00,-1,1098
2020-07-09,137.00,139.00,131.00,139.00,0.00,7620.00,1036135.00,0,1099
2020-07-08,138.00,139.00,134.00,139.00,-0.71,9740.00,1317870.00,-1,1100
2020-07-07,129.00,140.00,129.00,140.00,6.87,8776.00,1191013.00,1,1101
2020-07-06,127.00,134.00,125.00,131.00,1.55,6770.00,882680.00,1,1102
2020-07-05,130.00,133.00,128.00,129.00,-2.27,3852.00,501040.00,-1,1103
2020-07-02,135.00,138.00,132.00,132.00,-1.49,4980.00,672250.00,-1,1104
2020-07-01,132.00,134.00,130.00,134.00,3.08,470.00,62820.00,1,1105
2020-06-30,126.00,130.00,125.00,130.00,2.36,840.00,107390.00,1,1106
2020-06-29,135.00,135.00,125.00,127.00,-8.76,3241.00,419471.00,-1,1107
2020-05-12,139.00,139.00,137.00,137.00,-2.84,230.00,31690.00,-1,1108
2020-03-22,142.00,142.00,141.00,141.00,0.71,500.00,70700.00,1,1109
2020-03-19,141.00,144.00,139.00,140.00,-0.71,4420.00,624950.00,-1,1110
2020-03-18,141.00,143.00,139.00,141.00,-1.40,7791.00,1094372.00,-1,1111
2020-03-17,147.00,147.00,143.00,143.00,-4.03,11763.00,1697187.00,-1,1112
2020-03-16,141.00,150.00,141.00,149.00,1.36,10865.00,1582654.00,1,1113
2020-03-15,142.00,149.00,142.00,147.00,-0.68,10170.00,1479683.00,-1,1114
2020-03-12,150.00,153.00,147.00,148.00,-3.27,13645.00,2049405.00,-1,1115
2020-03-11,150.00,155.00,147.00,153.00,3.38,17032.00,2548953.00,1,1116
2020-03-10,152.00,153.00,143.00,148.00,-3.27,6260.00,927090.00,-1,1117
2020-03-05,156.00,156.00,152.00,153.00,-1.92,10223.00,1566238.00,-1,1118
2020-03-04,153.00,159.00,153.00,156.00,0.00,21815.00,3356595.00,0,1119
2020-03-03,152.00,158.00,152.00,156.00,0.65,16114.00,2507158.00,1,1120
2020-03-02,156.00,160.00,155.00,155.00,-2.52,6115.00,955310.00,-1,1121
2020-03-01,162.00,165.00,158.00,159.00,-3.05,17030.00,2734008.00,-1,1122
2020-02-27,166.00,168.00,161.00,164.00,-1.20,11284.00,1838653.00,-1,1123
2020-02-26,167.00,168.00,163.00,166.00,0.61,32051.00,5281454.00,1,1124
2020-02-25,158.00,165.00,158.00,165.00,2.48,25630.00,4178920.00,1,1125
2020-02-24,159.00,165.00,159.00,161.00,1.90,18885.00,3056215.00,1,1126
2020-02-23,161.00,164.00,156.00,158.00,0.00,29445.00,4740510.00,0,1127
2020-02-20,155.00,160.00,155.00,158.00,1.94,16040.00,2535180.00,1,1128
2020-02-19,156.00,159.00,154.00,155.00,-1.90,12405.00,1931960.00,-1,1129
2020-02-18,158.00,160.00,157.00,158.00,-0.63,9270.00,1470960.00,-1,1130
2020-02-17,156.00,161.00,156.00,159.00,1.27,12580.00,1997390.00,1,1131
2020-02-16,154.00,157.00,154.00,157.00,1.29,6805.00,1059390.00,1,1132
2020-02-13,155.00,158.00,155.00,155.00,-0.64,8976.00,1401755.00,-1,1133
2020-02-12,159.00,160.00,156.00,156.00,-1.89,13725.00,2153415.00,-1,1134
2020-02-11,155.00,161.00,155.00,159.00,1.92,9244.00,1450564.00,1,1135
2020-02-10,156.00,157.00,155.00,156.00,1.30,17834.00,2773340.00,1,1136
2020-02-09,160.00,160.00,154.00,154.00,-3.14,18586.00,2893822.00,-1,1137
2020-02-06,157.00,161.00,157.00,159.00,0.00,5660.00,899310.00,0,1138
2020-02-05,158.00,161.00,158.00,159.00,-0.63,5790.00,923450.00,-1,1139
2020-02-04,161.00,168.00,158.00,160.00,-1.23,22661.00,3694273.00,-1,1140
2020-02-03,156.00,166.00,156.00,162.00,3.85,24065.00,3890565.00,1,1141
2020-02-02,157.00,158.00,155.00,156.00,-0.64,11565.00,1812365.00,-1,1142
2020-01-30,155.00,159.00,155.00,157.00,0.00,10140.00,1595160.00,0,1143
2020-01-29,157.00,161.00,157.00,157.00,-1.26,9312.00,1467326.00,-1,1144
2020-01-28,161.00,164.00,157.00,159.00,-3.05,8022.00,1271383.00,-1,1145
2020-01-27,158.00,164.00,155.00,164.00,3.14,4780.00,765180.00,1,1146
2020-01-26,158.00,159.00,153.00,159.00,2.58,5570.00,869660.00,1,1147
2020-01-23,159.00,160.00,155.00,155.00,-3.13,17300.00,2721914.00,-1,1148
2020-01-22,163.00,164.00,160.00,160.00,-1.84,11250.00,1814780.00,-1,1149
2020-01-21,163.00,167.00,162.00,163.00,-0.61,12648.00,2087038.00,-1,1150
2020-01-20,169.00,173.00,164.00,164.00,-3.53,16290.00,2728815.00,-1,1151
2020-01-19,167.00,175.00,166.00,170.00,2.41,33706.00,5739364.00,1,1152
2020-01-16,165.00,169.00,165.00,166.00,0.61,19150.00,3199810.00,1,1153
2020-01-15,165.00,169.00,163.00,165.00,0.61,15530.00,2567260.00,1,1154
2020-01-14,171.00,171.00,164.00,164.00,-0.61,14062.00,2334124.00,-1,1155
2020-01-13,165.00,176.00,162.00,165.00,1.85,52225.00,8781065.00,1,1156
2020-01-12,159.00,165.00,159.00,162.00,0.00,16376.00,2670189.00,0,1157
2020-01-09,155.00,162.00,155.00,162.00,1.25,11165.00,1783525.00,1,1158
2020-01-08,155.00,165.00,155.00,160.00,-0.62,8622.00,1384562.00,-1,1159
2020-01-07,160.00,163.00,157.00,161.00,2.55,30351.00,4884778.00,1,1160
2020-01-06,156.00,160.00,156.00,157.00,0.64,8065.00,1280335.00,1,1161
2020-01-05,153.00,158.00,153.00,156.00,1.30,13555.00,2123280.00,1,1162
2020-01-02,155.00,158.00,154.00,154.00,-0.65,7730.00,1200970.00,-1,1163
2020-01-01,155.00,158.00,155.00,155.00,0.00,5750.00,897170.00,0,1164
2019-12-31,155.00,157.00,155.00,155.00,0.00,5275.00,820715.00,0,1165
2019-12-30,156.00,156.00,154.00,155.00,0.00,4390.00,679800.00,0,1166
2019-12-29,157.00,157.00,155.00,155.00,-0.64,7130.00,1109120.00,-1,1167
2019-12-26,155.00,158.00,155.00,156.00,-1.27,4210.00,659480.00,-1,1168
2019-12-25,159.00,160.00,155.00,158.00,-0.63,17919.00,2801711.00,-1,1169
2019-12-24,162.00,162.00,159.00,159.00,-1.24,7450.00,1189600.00,-1,1170
2019-12-23,158.00,161.00,158.00,161.00,2.55,12075.00,1934350.00,1,1171
2019-12-22,162.00,162.00,156.00,157.00,-1.26,3441.00,540747.00,-1,1172
2019-12-19,159.00,160.00,157.00,159.00,0.00,7430.00,1173920.00,0,1173
2019-12-18,160.00,160.00,157.00,159.00,0.00,3970.00,628490.00,0,1174
2019-12-17,157.00,161.00,157.00,159.00,0.00,7050.00,1113590.00,0,1175
2019-12-16,158.00,162.00,158.00,159.00,-1.24,7002.00,1119618.00,-1,1176
2019-12-15,162.00,166.00,160.00,161.00,-1.83,9800.00,1586600.00,-1,1177
2019-12-12,161.00,172.00,160.00,164.00,1.86,17220.00,2837040.00,1,1178
2019-12-11,158.00,164.00,158.00,161.00,1.26,7739.00,1251799.00,1,1179
2019-12-10,162.00,164.00,158.00,159.00,0.00,9841.00,1578672.00,0,1180
2019-12-09,157.00,165.00,156.00,159.00,0.63,18532.00,2976872.00,1,1181
2019-12-08,159.00,159.00,155.00,158.00,-0.63,4675.00,731150.00,-1,1182
2019-12-05,158.00,159.00,157.00,159.00,0.63,6396.00,1010828.00,1,1183
2019-12-04,156.00,160.00,154.00,158.00,1.28,15530.00,2460660.00,1,1184
2019-12-03,155.00,158.00,152.00,156.00,1.30,17288.00,2669442.00,1,1185
2019-12-02,154.00,155.00,152.00,154.00,1.32,6855.00,1052900.00,1,1186
2019-12-01,153.00,156.00,152.00,152.00,-0.65,4670.00,714540.00,-1,1187
2019-11-28,155.00,156.00,153.00,153.00,-0.65,4560.00,701980.00,-1,1188
2019-11-27,153.00,158.00,152.00,154.00,0.65,7536.00,1157232.00,1,1189
2019-11-26,153.00,158.00,153.00,153.00,0.00,3290.00,504660.00,0,1190
2019-11-25,154.00,161.00,152.00,153.00,-1.29,8200.00,1261970.00,-1,1191
2019-11-24,157.00,157.00,153.00,155.00,-0.64,4198.00,646482.00,-1,1192
2019-11-21,157.00,159.00,153.00,156.00,-0.64,11525.00,1780850.00,-1,1193
2019-11-20,157.00,162.00,156.00,157.00,0.00,14129.00,2222248.00,0,1194
2019-11-19,160.00,160.00,157.00,157.00,0.00,10900.00,1718160.00,0,1195
2019-11-18,160.00,160.00,157.00,157.00,-2.48,12501.00,1972597.00,-1,1196
2019-11-17,165.00,165.00,160.00,161.00,-2.42,25505.00,4102490.00,-1,1197
2019-11-14,164.00,165.00,162.00,165.00,0.61,9490.00,1556090.00,1,1198
2019-11-13,163.00,166.00,162.00,164.00,0.00,9030.00,1471310.00,0,1199
2019-11-12,165.00,168.00,162.00,164.00,-2.38,5830.00,952650.00,-1,1200
2019-11-11,167.00,170.00,162.00,168.00,0.60,14090.00,2323410.00,1,1201
2019-11-10,170.00,170.00,161.00,167.00,1.21,27650.00,4492000.00,1,1202
2019-11-07,168.00,168.00,165.00,165.00,-1.79,6310.00,1045050.00,-1,1203
2019-11-06,166.00,168.00,166.00,168.00,0.00,7960.00,1326890.00,0,1204
2019-11-05,168.00,170.00,167.00,168.00,-1.75,5800.00,975750.00,-1,1205
2019-11-04,169.00,171.00,167.00,171.00,2.40,7155.00,1202155.00,1,1206
2019-11-03,173.00,173.00,167.00,167.00,-2.91,8860.00,1490970.00,-1,1207
2019-10-31,175.00,178.00,172.00,172.00,-2.27,5557.00,969975.00,-1,1208
2019-10-24,177.00,180.00,172.00,176.00,0.00,13375.00,2359480.00,0,1209
2019-10-23,170.00,178.00,168.00,176.00,3.53,9410.00,1636530.00,1,1210
2019-10-22,167.00,176.00,165.00,170.00,1.80,11250.00,1881410.00,1,1211
2019-10-21,171.00,171.00,166.00,167.00,-1.76,5490.00,917420.00,-1,1212
2019-10-20,170.00,170.00,166.00,170.00,0.00,6485.00,1082785.00,0,1213
2019-10-17,169.00,170.00,168.00,170.00,0.59,5016.00,848544.00,1,1214
2019-10-16,170.00,171.00,168.00,169.00,-0.59,7550.00,1274500.00,-1,1215
2019-10-15,168.00,170.00,166.00,170.00,1.19,3010.00,509670.00,1,1216
2019-10-14,167.00,170.00,167.00,168.00,-1.18,4210.00,705170.00,-1,1217
2019-10-10,169.00,170.00,167.00,170.00,0.59,1190.00,201090.00,1,1218
2019-10-03,171.00,171.00,168.00,169.00,0.00,10135.00,1723665.00,0,1219
2019-10-02,172.00,172.00,166.00,169.00,-0.59,4870.00,815620.00,-1,1220
2019-10-01,168.00,171.00,166.00,170.00,-2.86,9170.00,1547540.00,-1,1221
2019-09-30,163.00,175.00,161.00,175.00,7.36,7200.00,1193375.00,1,1222
2019-09-29,162.00,168.00,162.00,163.00,-0.61,11170.00,1824310.00,-1,1223
2019-09-26,162.00,166.00,162.00,164.00,0.00,14685.00,2420965.00,0,1224
2019-09-25,164.00,166.00,163.00,164.00,-1.20,9021.00,1482844.00,-1,1225
2019-09-24,164.00,166.00,163.00,166.00,1.22,7500.00,1230760.00,1,1226
2019-09-23,166.00,170.00,164.00,164.00,-1.20,11060.00,1831470.00,-1,1227
2019-09-22,175.00,176.00,165.00,166.00,-6.21,21650.00,3621480.00,-1,1228
2019-09-19,183.00,183.00,175.00,177.00,-2.75,15330.00,2739990.00,-1,1229
2019-09-18,178.00,183.00,173.00,182.00,2.25,47604.00,8450328.00,1,1230
2019-09-17,167.00,186.00,164.00,178.00,6.59,48995.00,8616750.00,1,1231
2019-09-16,165.00,171.00,163.00,167.00,-0.60,16910.00,2798380.00,-1,1232
2019-09-15,173.00,174.00,163.00,168.00,-2.89,30110.00,5062080.00,-1,1233
2019-09-12,177.00,177.00,173.00,173.00,-2.26,13435.00,2336900.00,-1,1234
2019-09-11,177.00,180.00,175.00,177.00,0.00,11801.00,2081248.00,0,1235
2019-09-10,181.00,182.00,173.00,177.00,-2.21,26971.00,4776875.00,-1,1236
2019-09-09,186.00,189.00,180.00,181.00,-1.63,16670.00,3039030.00,-1,1237
2019-09-08,190.00,191.00,184.00,184.00,-3.16,10870.00,2018260.00,-1,1238
2019-09-05,192.00,196.00,188.00,190.00,-1.04,21245.00,4030325.00,-1,1239
2019-09-04,194.00,194.00,187.00,192.00,0.52,22253.00,4256443.00,1,1240
2019-09-03,190.00,194.00,180.00,191.00,1.60,31610.00,5893474.00,1,1241
2019-09-02,188.00,192.00,185.00,188.00,-1.05,24421.00,4592165.00,-1,1242
2019-09-01,203.00,203.00,189.00,190.00,-6.40,34280.00,6743910.00,-1,1243
2019-08-29,206.00,208.00,203.00,203.00,-1.46,16538.00,3383848.00,-1,1244
2019-08-28,208.00,211.00,205.00,206.00,-1.44,12359.00,2550695.00,-1,1245
2019-08-27,206.00,214.00,201.00,209.00,1.46,18681.00,3891326.00,1,1246
2019-08-26,211.00,213.00,206.00,206.00,-3.74,32565.00,6780320.00,-1,1247
2019-08-25,217.00,217.00,210.00,214.00,-1.38,29840.00,6348040.00,-1,1248
2019-08-22,216.00,219.00,216.00,217.00,0.00,19505.00,4223655.00,0,1249
2019-08-21,218.00,222.00,216.00,217.00,0.00,20900.00,4520780.00,0,1250
2019-08-20,222.00,222.00,216.00,217.00,-2.25,34270.00,7458280.00,-1,1251
2019-08-19,217.00,228.00,213.00,222.00,2.30,37300.00,8152520.00,1,1252
2019-08-18,223.00,225.00,217.00,217.00,-2.25,42847.00,9371116.00,-1,1253
2019-08-15,220.00,226.00,220.00,222.00,0.00,23050.00,5135680.00,0,1254
2019-08-14,224.00,227.00,222.00,222.00,-1.33,44230.00,9913750.00,-1,1255
2019-08-13,226.00,230.00,225.00,225.00,-1.32,42565.00,9667375.00,-1,1256
2019-08-12,233.00,233.00,227.00,228.00,-2.15,64760.00,14853070.00,-1,1257
2019-08-11,220.00,233.00,218.00,233.00,4.02,124216.00,27997114.00,1,1258
2019-08-08,231.00,247.00,212.00,224.00,-4.68,226165.00,51307536.00,-1,1259
2019-08-07,248.00,248.00,235.00,235.00,-9.96,2070.00,489290.00,-1,1260
2019-08-06,289.00,294.00,260.10,261.00,0.00,11686.00,3183701.00,0,1261
